VC,  2020-01-01,  0,  0,  0,  0,  0,  0, 0, 0
VC,  2020-01-01,  0,  0,  0,  0,  0,  0, 0, 0
VC,  2020-01-02,  0,  0,  0,  0,  0,  0, 0, 0
VC,  2020-01-02,  0,  0,  0,  0,  0,  0, 0, 0
VC,  ,  0,  0,  0,  0,  0,  0, 0, 0
VC,  ,  0,  0,  0,  0,  0,  0, 0, 0
VC,  2020-01-04,  0,  0,  0,  0,  0,  0, 0, 0
VC,  2020-01-04,  0,  0,  0,  0,  0,  0, 0, 0
VC,  2020-01-05,  0,  0,  0,  0,  0,  0, 0, 0
VC,  2020-01-05,  0,  0,  0,  0,  0,  0, 0, 0
VC,  2020-01-06,  0,  0,  0,  0,  0,  0, 0, 0
VC,  2020-01-06,  0,  0,  0,  0,  0,  0, 0, 0
VC,  2020-01-07,  0,  0,  0,  0,  0,  0, 0, 0
VC,  2020-01-07,  0,  0,  0,  0,  0,  0, 0, 0
VC,  2020-01-08,  0,  0,  0,  0,  0,  0, 0, 0
VC,  2020-01-08,  0,  0,  0,  0,  0,  0, 0, 0
VC,  2020-01-09,  0,  0,  0,  0,  0,  0, 0, 0
VC,  2020-01-09,  0,  0,  0,  0,  0,  0, 0, 0
VC,  2020-01-10,  0,  0,  0,  0,  0,  0, 0, 0
VC,  2020-01-10,  0,  0,  0,  0,  0,  0, 0, 0
VC,  2020-01-11,  0,  0,  0,  0,  0,  0, 0, 0
VC,  2020-01-11,  0,  0,  0,  0,  0,  0, 0, 0
VC,  2020-01-12,  0,  0,  0,  0,  0,  0, 0, 0
VC,  2020-01-12,  0,  0,  0,  0,  0,  0, 0, 0
VC,  2020-01-13,  0,  0,  0,  0,  0,  0, 0, 0
VC,  2020-01-13,  0,  0,  0,  0,  0,  0, 0, 0
VC,  2020-01-14,  0,  0,  0,  0,  0,  0, 0, 0
VC,  2020-01-14,  0,  0,  0,  0,  0,  0, 0, 0
VC,  2020-01-15,  0,  0,  0,  0,  0,  0, 0, 0
VC,  2020-01-15,  0,  0,  0,  0,  0,  0, 0, 0
VC,  2020-01-16,  0,  0,  0,  0,  0,  0, 0, 0
VC,  2020-01-16,  0,  0,  0,  0,  0,  0, 0, 0
VC,  2020-01-17,  0,  0,  0,  0,  0,  0, 0, 0
VC,  2020-01-17,  0,  0,  0,  0,  0,  0, 0, 0
VC,  2020-01-18,  0,  0,  0,  0,  0,  0, 0, 0
VC,  2020-01-18,  0,  0,  0,  0,  0,  0, 0, 0
VC,  2020-01-19,  0,  0,  0,  0,  0,  0, 0, 0
VC,  2020-01-19,  0,  0,  0,  0,  0,  0, 0, 0
VC,  2020-01-20,  0,  0,  0,  0,  0,  0, 0, 0
VC,  2020-01-20,  0,  0,  0,  0,  0,  0, 0, 0
VC,  2020-01-21,  0,  0,  0,  0,  0,  0, 0, 0
VC,  2020-01-21,  0,  0,  0,  0,  0,  0, 0, 0
VC,  2020-01-22,  0,  0,  0,  0,  0,  0, 0, 0
VC,  2020-01-22,  0,  0,  0,  0,  0,  0, 0, 0
VC,  2020-01-23,  0,  0,  0,  0,  0,  0, 0, 0
VC,  2020-01-23,  0,  0,  0,  0,  0,  0, 0, 0
VC,  2020-01-24,  0,  0,  0,  0,  0,  0, 0, 0
VC,  2020-01-24,  0,  0,  0,  0,  0,  0, 0, 0
VC,  2020-01-25,  0,  0,  0,  0,  0,  0, 0, 0
VC,  2020-01-25,  0,  0,  0,  0,  0,  0, 0, 0
VC,  2020-01-26,  0,  0,  0,  0,  0,  0, 0, 0
VC,  2020-01-26,  0,  0,  0,  0,  0,  0, 0, 0
VC,  2020-01-27,  0,  0,  0,  0,  0,  0, 0, 0
VC,  2020-01-27,  0,  0,  0,  0,  0,  0, 0, 0
VC,  2020-01-28,  0,  0,  0,  0,  0,  0, 0, 0
VC,  2020-01-28,  0,  0,  0,  0,  0,  0, 0, 0
VC,  2020-01-29,  0,  0,  0,  0,  0,  0, 0, 0
VC,  2020-01-29,  0,  0,  0,  0,  0,  0, 0, 0
VC,  2020-01-30,  0,  0,  0,  0,  0,  0, 0, 0
VC,  2020-01-30,  0,  0,  0,  0,  0,  0, 0, 0
VC,  2020-01-31,  0,  0,  0,  0,  0,  0, 0, 0
VC,  2020-01-31,  0,  0,  0,  0,  0,  0, 0, 0
VC,  2020-02-01,  1,  1,  0,  0,  0,  0, 1, 1
VC,  2020-02-01,  1,  1,  0,  0,  0,  0, 1, 1
VC,  2020-02-02,  0,  0,  0,  0,  0,  0, 1, 1
VC,  2020-02-02,  0,  0,  0,  0,  0,  0, 1, 1
VC,  2020-02-03,  1,  1,  0,  0,  0,  0, 2, 2
VC,  2020-02-03,  1,  1,  0,  0,  0,  0, 2, 2
VC,  2020-02-04,  0,  0,  0,  0,  0,  0, 2, 2
VC,  2020-02-04,  0,  0,  0,  0,  0,  0, 2, 2
VC,  2020-02-05,  0,  0,  0,  0,  0,  0, 2, 2
VC,  2020-02-05,  0,  0,  0,  0,  0,  0, 2, 2
VC,  2020-02-06,  2,  1,  0,  0,  0,  1, 4, 4
VC,  2020-02-06,  2,  1,  0,  0,  0,  1, 4, 4
VC,  2020-02-07,  0,  0,  0,  0,  0,  0, 4, 4
VC,  2020-02-07,  0,  0,  0,  0,  0,  0, 4, 4
VC,  2020-02-08,  0,  0,  0,  0,  0,  0, 4, 4
VC,  2020-02-08,  0,  0,  0,  0,  0,  0, 4, 4
VC,  2020-02-09,  0,  0,  0,  0,  0,  0, 4, 4
VC,  2020-02-09,  0,  0,  0,  0,  0,  0, 4, 4
VC,  2020-02-10,  1,  1,  0,  0,  0,  0, 5, 5
VC,  2020-02-10,  1,  1,  0,  0,  0,  0, 5, 5
VC,  2020-02-11,  1,  1,  0,  0,  0,  0, 6, 6
VC,  2020-02-11,  1,  1,  0,  0,  0,  0, 6, 6
VC,  2020-02-12,  1,  1,  0,  0,  0,  0, 7, 7
VC,  2020-02-12,  1,  1,  0,  0,  0,  0, 7, 7
VC,  2020-02-13,  1,  1,  0,  0,  0,  0, 8, 8
VC,  2020-02-13,  1,  1,  0,  0,  0,  0, 8, 8
VC,  2020-02-14,  2,  2,  0,  0,  0,  0, 10, 10
VC,  2020-02-14,  2,  2,  0,  0,  0,  0, 10, 10
VC,  2020-02-15,  4,  4,  0,  0,  0,  0, 14, 14
VC,  2020-02-15,  4,  4,  0,  0,  0,  0, 14, 14
VC,  2020-02-16,  1,  1,  0,  0,  0,  0, 15, 15
VC,  2020-02-16,  1,  1,  0,  0,  0,  0, 15, 15
VC,  2020-02-17,  3,  2,  0,  0,  0,  1, 18, 18
VC,  2020-02-17,  3,  2,  0,  0,  0,  1, 18, 18
VC,  2020-02-18,  1,  1,  0,  0,  0,  0, 19, 19
VC,  2020-02-18,  1,  1,  0,  0,  0,  0, 19, 19
VC,  2020-02-19,  1,  1,  0,  0,  0,  0, 20, 20
VC,  2020-02-19,  1,  1,  0,  0,  0,  0, 20, 20
VC,  2020-02-20,  3,  2,  0,  0,  0,  1, 23, 23
VC,  2020-02-20,  3,  2,  0,  0,  0,  1, 23, 23
VC,  2020-02-21,  2,  2,  0,  0,  0,  0, 25, 25
VC,  2020-02-21,  2,  2,  0,  0,  0,  0, 25, 25
VC,  2020-02-22,  2,  2,  0,  0,  0,  0, 27, 27
VC,  2020-02-22,  2,  2,  0,  0,  0,  0, 27, 27
VC,  2020-02-23,  5,  5,  0,  0,  0,  0, 32, 32
VC,  2020-02-23,  5,  5,  0,  0,  0,  0, 32, 32
VC,  2020-02-24,  14,  13,  0,  0,  0,  1, 46, 46
VC,  2020-02-24,  14,  13,  0,  0,  0,  1, 46, 46
VC,  2020-02-25,  8,  8,  0,  0,  0,  0, 54, 54
VC,  2020-02-25,  8,  8,  0,  0,  0,  0, 54, 54
VC,  2020-02-26,  8,  7,  0,  0,  0,  1, 62, 62
VC,  2020-02-26,  8,  7,  0,  0,  0,  1, 62, 62
VC,  2020-02-27,  15,  14,  0,  0,  0,  1, 77, 77
VC,  2020-02-27,  15,  14,  0,  0,  0,  1, 77, 77
VC,  2020-02-28,  22,  22,  0,  0,  0,  0, 99, 99
VC,  2020-02-28,  22,  22,  0,  0,  0,  0, 99, 99
VC,  2020-02-29,  14,  13,  0,  0,  0,  1, 113, 113
VC,  2020-02-29,  14,  13,  0,  0,  0,  1, 113, 113
VC,  2020-03-01,  38,  33,  2,  0,  0,  3, 151, 151
VC,  2020-03-01,  38,  33,  2,  0,  0,  3, 151, 151
VC,  2020-03-02,  38,  35,  1,  0,  0,  2, 189, 189
VC,  2020-03-02,  38,  35,  1,  0,  0,  2, 189, 189
VC,  2020-03-03,  28,  25,  0,  0,  0,  3, 217, 217
VC,  2020-03-03,  28,  25,  0,  0,  0,  3, 217, 217
VC,  2020-03-04,  35,  32,  0,  0,  0,  3, 252, 252
VC,  2020-03-04,  35,  32,  0,  0,  0,  3, 252, 252
VC,  2020-03-05,  47,  46,  0,  0,  0,  1, 299, 299
VC,  2020-03-05,  47,  46,  0,  0,  0,  1, 299, 299
VC,  2020-03-06,  68,  64,  2,  0,  0,  2, 367, 367
VC,  2020-03-06,  68,  64,  2,  0,  0,  2, 367, 367
VC,  2020-03-07,  74,  71,  1,  0,  0,  2, 441, 441
VC,  2020-03-07,  74,  71,  1,  0,  0,  2, 441, 441
VC,  2020-03-08,  103,  99,  2,  0,  0,  2, 544, 544
VC,  2020-03-08,  103,  99,  2,  0,  0,  2, 544, 544
VC,  2020-03-09,  168,  157,  5,  0,  0,  6, 712, 712
VC,  2020-03-09,  168,  157,  5,  0,  0,  6, 712, 712
VC,  2020-03-10,  279,  265,  5,  0,  0,  9, 991, 991
VC,  2020-03-10,  279,  265,  5,  0,  0,  9, 991, 991
VC,  2020-03-11,  274,  261,  5,  0,  0,  8, 1265, 1265
VC,  2020-03-11,  274,  261,  5,  0,  0,  8, 1265, 1265
VC,  2020-03-12,  366,  357,  4,  0,  0,  5, 1631, 1631
VC,  2020-03-12,  366,  357,  4,  0,  0,  5, 1631, 1631
VC,  2020-03-13,  453,  432,  3,  0,  0,  18, 2084, 2084
VC,  2020-03-13,  453,  432,  3,  0,  0,  18, 2084, 2084
VC,  2020-03-14,  463,  440,  3,  0,  0,  20, 2547, 2547
VC,  2020-03-14,  463,  440,  3,  0,  0,  20, 2547, 2547
VC,  2020-03-15,  480,  448,  6,  0,  0,  26, 3027, 3027
VC,  2020-03-15,  480,  448,  6,  0,  0,  26, 3027, 3027
VC,  2020-03-16,  592,  564,  11,  0,  0,  17, 3619, 3619
VC,  2020-03-16,  592,  564,  11,  0,  0,  17, 3619, 3619
VC,  2020-03-17,  517,  497,  2,  0,  0,  18, 4136, 4136
VC,  2020-03-17,  517,  497,  2,  0,  0,  18, 4136, 4136
VC,  2020-03-18,  499,  469,  10,  0,  0,  20, 4635, 4635
VC,  2020-03-18,  499,  469,  10,  0,  0,  20, 4635, 4635
VC,  2020-03-19,  471,  451,  9,  1,  0,  10, 5106, 5106
VC,  2020-03-19,  471,  451,  9,  1,  0,  10, 5106, 5106
VC,  2020-03-20,  526,  498,  12,  0,  0,  16, 5632, 5632
VC,  2020-03-20,  526,  498,  12,  0,  0,  16, 5632, 5632
VC,  2020-03-21,  423,  406,  7,  0,  0,  10, 6055, 6055
VC,  2020-03-21,  423,  406,  7,  0,  0,  10, 6055, 6055
VC,  2020-03-22,  375,  357,  6,  0,  0,  12, 6430, 6430
VC,  2020-03-22,  375,  357,  6,  0,  0,  12, 6430, 6430
VC,  2020-03-23,  441,  416,  8,  0,  0,  17, 6871, 6871
VC,  2020-03-23,  441,  416,  8,  0,  0,  17, 6871, 6871
VC,  2020-03-24,  323,  303,  10,  0,  0,  10, 7194, 7194
VC,  2020-03-24,  323,  303,  10,  0,  0,  10, 7194, 7194
VC,  2020-03-25,  386,  359,  11,  0,  0,  16, 7580, 7580
VC,  2020-03-25,  386,  359,  11,  0,  0,  16, 7580, 7580
VC,  2020-03-26,  284,  268,  10,  0,  0,  6, 7864, 7864
VC,  2020-03-26,  284,  268,  10,  0,  0,  6, 7864, 7864
VC,  2020-03-27,  307,  288,  2,  1,  0,  16, 8171, 8171
VC,  2020-03-27,  307,  288,  2,  1,  0,  16, 8171, 8171
VC,  2020-03-28,  227,  216,  2,  0,  0,  9, 8398, 8398
VC,  2020-03-28,  227,  216,  2,  0,  0,  9, 8398, 8398
VC,  2020-03-29,  197,  183,  8,  0,  0,  6, 8595, 8595
VC,  2020-03-29,  197,  183,  8,  0,  0,  6, 8595, 8595
VC,  2020-03-30,  234,  213,  6,  0,  0,  15, 8829, 8829
VC,  2020-03-30,  234,  213,  6,  0,  0,  15, 8829, 8829
VC,  2020-03-31,  162,  150,  6,  0,  0,  6, 8991, 8991
VC,  2020-03-31,  162,  150,  6,  0,  0,  6, 8991, 8991
VC,  2020-04-01,  214,  194,  10,  0,  0,  10, 9205, 9205
VC,  2020-04-01,  214,  194,  10,  0,  0,  10, 9205, 9205
VC,  2020-04-02,  194,  183,  5,  0,  0,  6, 9399, 9399
VC,  2020-04-02,  194,  183,  5,  0,  0,  6, 9399, 9399
VC,  2020-04-03,  195,  184,  5,  0,  0,  6, 9594, 9594
VC,  2020-04-03,  195,  184,  5,  0,  0,  6, 9594, 9594
VC,  2020-04-04,  134,  120,  5,  0,  0,  9, 9728, 9728
VC,  2020-04-04,  134,  120,  5,  0,  0,  9, 9728, 9728
VC,  2020-04-05,  116,  105,  5,  0,  0,  6, 9844, 9844
VC,  2020-04-05,  116,  105,  5,  0,  0,  6, 9844, 9844
VC,  2020-04-06,  152,  133,  11,  0,  0,  8, 9996, 9996
VC,  2020-04-06,  152,  133,  11,  0,  0,  8, 9996, 9996
VC,  2020-04-07,  132,  121,  7,  0,  0,  4, 10128, 10128
VC,  2020-04-07,  132,  121,  7,  0,  0,  4, 10128, 10128
VC,  2020-04-08,  136,  122,  8,  0,  0,  6, 10264, 10264
VC,  2020-04-08,  136,  122,  8,  0,  0,  6, 10264, 10264
VC,  2020-04-09,  134,  116,  12,  0,  0,  6, 10398, 10398
VC,  2020-04-09,  134,  116,  12,  0,  0,  6, 10398, 10398
VC,  2020-04-10,  104,  95,  8,  0,  0,  1, 10502, 10502
VC,  2020-04-10,  104,  95,  8,  0,  0,  1, 10502, 10502
VC,  2020-04-11,  84,  76,  4,  0,  0,  4, 10586, 10586
VC,  2020-04-11,  84,  76,  4,  0,  0,  4, 10586, 10586
VC,  2020-04-12,  71,  64,  4,  0,  0,  3, 10657, 10657
VC,  2020-04-12,  71,  64,  4,  0,  0,  3, 10657, 10657
VC,  2020-04-13,  71,  64,  4,  0,  0,  3, 10728, 10728
VC,  2020-04-13,  71,  64,  4,  0,  0,  3, 10728, 10728
VC,  2020-04-14,  70,  62,  4,  0,  0,  4, 10798, 10798
VC,  2020-04-14,  70,  62,  4,  0,  0,  4, 10798, 10798
VC,  2020-04-15,  80,  69,  6,  0,  0,  5, 10878, 10878
VC,  2020-04-15,  80,  69,  6,  0,  0,  5, 10878, 10878
VC,  2020-04-16,  60,  53,  6,  0,  0,  1, 10938, 10938
VC,  2020-04-16,  60,  53,  6,  0,  0,  1, 10938, 10938
VC,  2020-04-17,  90,  81,  7,  0,  0,  2, 11028, 11028
VC,  2020-04-17,  90,  81,  7,  0,  0,  2, 11028, 11028
VC,  2020-04-18,  59,  50,  7,  0,  0,  2, 11087, 11087
VC,  2020-04-18,  59,  50,  7,  0,  0,  2, 11087, 11087
VC,  2020-04-19,  35,  25,  8,  0,  0,  2, 11122, 11122
VC,  2020-04-19,  35,  25,  8,  0,  0,  2, 11122, 11122
VC,  2020-04-20,  40,  32,  5,  0,  0,  3, 11162, 11162
VC,  2020-04-20,  40,  32,  5,  0,  0,  3, 11162, 11162
VC,  2020-04-21,  58,  50,  6,  0,  0,  2, 11220, 11220
VC,  2020-04-21,  58,  50,  6,  0,  0,  2, 11220, 11220
VC,  2020-04-22,  42,  34,  6,  0,  0,  2, 11262, 11262
VC,  2020-04-22,  42,  34,  6,  0,  0,  2, 11262, 11262
VC,  2020-04-23,  50,  42,  7,  0,  0,  1, 11312, 11312
VC,  2020-04-23,  50,  42,  7,  0,  0,  1, 11312, 11312
VC,  2020-04-24,  45,  38,  3,  0,  0,  4, 11357, 11357
VC,  2020-04-24,  45,  38,  3,  0,  0,  4, 11357, 11357
VC,  2020-04-25,  40,  36,  2,  0,  0,  2, 11397, 11397
VC,  2020-04-25,  40,  36,  2,  0,  0,  2, 11397, 11397
VC,  2020-04-26,  21,  18,  1,  0,  0,  2, 11418, 11418
VC,  2020-04-26,  21,  18,  1,  0,  0,  2, 11418, 11418
VC,  2020-04-27,  25,  17,  4,  0,  0,  4, 11443, 11443
VC,  2020-04-27,  25,  17,  4,  0,  0,  4, 11443, 11443
VC,  2020-04-28,  46,  37,  7,  0,  0,  2, 11489, 11489
VC,  2020-04-28,  46,  37,  7,  0,  0,  2, 11489, 11489
VC,  2020-04-29,  39,  32,  4,  0,  0,  3, 11528, 11528
VC,  2020-04-29,  39,  32,  4,  0,  0,  3, 11528, 11528
VC,  2020-04-30,  26,  18,  6,  0,  0,  2, 11554, 11554
VC,  2020-04-30,  26,  18,  6,  0,  0,  2, 11554, 11554
VC,  2020-05-01,  28,  21,  3,  1,  0,  3, 11582, 11582
VC,  2020-05-01,  28,  21,  3,  1,  0,  3, 11582, 11582
VC,  2020-05-02,  36,  28,  5,  0,  0,  3, 11618, 11618
VC,  2020-05-02,  36,  28,  5,  0,  0,  3, 11618, 11618
VC,  2020-05-03,  19,  9,  3,  0,  0,  7, 11637, 11637
VC,  2020-05-03,  19,  9,  3,  0,  0,  7, 11637, 11637
VC,  2020-05-04,  10,  6,  3,  0,  0,  1, 11647, 11647
VC,  2020-05-04,  10,  6,  3,  0,  0,  1, 11647, 11647
VC,  2020-05-05,  12,  9,  0,  0,  0,  3, 11659, 11659
VC,  2020-05-05,  12,  9,  0,  0,  0,  3, 11659, 11659
VC,  2020-05-06,  14,  8,  0,  0,  0,  6, 11673, 11673
VC,  2020-05-06,  14,  8,  0,  0,  0,  6, 11673, 11673
VC,  2020-05-07,  6,  3,  2,  0,  0,  1, 11679, 11679
VC,  2020-05-07,  6,  3,  2,  0,  0,  1, 11679, 11679
VC,  2020-05-08,  9,  1,  3,  0,  0,  5, 11688, 11688
VC,  2020-05-08,  9,  1,  3,  0,  0,  5, 11688, 11688
VC,  2020-05-09,  10,  2,  0,  0,  0,  8, 11698, 11698
VC,  2020-05-09,  10,  2,  0,  0,  0,  8, 11698, 11698
VC,  2020-05-10,  8,  2,  0,  0,  0,  6, 11706, 11706
VC,  2020-05-10,  8,  2,  0,  0,  0,  6, 11706, 11706
VC,  2020-05-11,  22,  6,  0,  0,  0,  16, 11728, 11728
VC,  2020-05-11,  22,  6,  0,  0,  0,  16, 11728, 11728
VC,  2020-05-12,  18,  2,  0,  0,  0,  16, 11746, 11746
VC,  2020-05-12,  18,  2,  0,  0,  0,  16, 11746, 11746
VC,  2020-05-13,  13,  2,  0,  0,  0,  11, 11759, 11759
VC,  2020-05-13,  13,  2,  0,  0,  0,  11, 11759, 11759
VC,  2020-05-14,  22,  4,  0,  1,  0,  17, 11781, 11781
VC,  2020-05-14,  22,  4,  0,  1,  0,  17, 11781, 11781
VC,  2020-05-15,  14,  1,  0,  0,  0,  13, 11795, 11795
VC,  2020-05-15,  14,  1,  0,  0,  0,  13, 11795, 11795
VC,  2020-05-16,  9,  2,  0,  0,  0,  7, 11804, 11804
VC,  2020-05-16,  9,  2,  0,  0,  0,  7, 11804, 11804
VC,  2020-05-17,  8,  3,  0,  0,  0,  5, 11812, 11812
VC,  2020-05-17,  8,  3,  0,  0,  0,  5, 11812, 11812
VC,  2020-05-18,  10,  0,  0,  0,  0,  10, 11822, 11822
VC,  2020-05-18,  10,  0,  0,  0,  0,  10, 11822, 11822
VC,  2020-05-19,  12,  0,  0,  0,  0,  12, 11834, 11834
VC,  2020-05-19,  12,  0,  0,  0,  0,  12, 11834, 11834
VC,  2020-05-20,  15,  1,  0,  0,  0,  14, 11849, 11849
VC,  2020-05-20,  15,  1,  0,  0,  0,  14, 11849, 11849
VC,  2020-05-21,  9,  1,  0,  0,  0,  8, 11858, 11858
VC,  2020-05-21,  9,  1,  0,  0,  0,  8, 11858, 11858
VC,  2020-05-22,  16,  1,  0,  0,  0,  15, 11874, 11874
VC,  2020-05-22,  16,  1,  0,  0,  0,  15, 11874, 11874
VC,  2020-05-23,  9,  4,  0,  0,  0,  5, 11883, 11883
VC,  2020-05-23,  9,  4,  0,  0,  0,  5, 11883, 11883
VC,  2020-05-24,  9,  0,  0,  0,  0,  9, 11892, 11892
VC,  2020-05-24,  9,  0,  0,  0,  0,  9, 11892, 11892
VC,  2020-05-25,  5,  2,  0,  0,  0,  3, 11897, 11897
VC,  2020-05-25,  5,  2,  0,  0,  0,  3, 11897, 11897
VC,  2020-05-26,  12,  5,  0,  0,  0,  7, 11909, 11909
VC,  2020-05-26,  12,  5,  0,  0,  0,  7, 11909, 11909
VC,  2020-05-27,  15,  1,  0,  0,  0,  14, 11924, 11924
VC,  2020-05-27,  15,  1,  0,  0,  0,  14, 11924, 11924
VC,  2020-05-28,  10,  0,  0,  0,  0,  10, 11934, 11934
VC,  2020-05-28,  10,  0,  0,  0,  0,  10, 11934, 11934
VC,  2020-05-29,  10,  2,  0,  0,  0,  8, 11944, 11944
VC,  2020-05-29,  10,  2,  0,  0,  0,  8, 11944, 11944
VC,  2020-05-30,  5,  1,  0,  0,  0,  4, 11949, 11949
VC,  2020-05-30,  5,  1,  0,  0,  0,  4, 11949, 11949
VC,  2020-05-31,  8,  1,  0,  0,  0,  7, 11957, 11957
VC,  2020-05-31,  8,  1,  0,  0,  0,  7, 11957, 11957
VC,  2020-06-01,  15,  4,  0,  0,  0,  11, 11972, 11972
VC,  2020-06-01,  15,  4,  0,  0,  0,  11, 11972, 11972
VC,  2020-06-02,  20,  6,  0,  0,  0,  14, 11992, 11992
VC,  2020-06-02,  20,  6,  0,  0,  0,  14, 11992, 11992
VC,  2020-06-03,  10,  1,  0,  0,  0,  9, 12002, 12002
VC,  2020-06-03,  10,  1,  0,  0,  0,  9, 12002, 12002
VC,  2020-06-04,  10,  3,  0,  0,  0,  7, 12012, 12012
VC,  2020-06-04,  10,  3,  0,  0,  0,  7, 12012, 12012
VC,  2020-06-05,  8,  0,  0,  0,  0,  8, 12020, 12020
VC,  2020-06-05,  8,  0,  0,  0,  0,  8, 12020, 12020
VC,  2020-06-06,  7,  3,  0,  0,  0,  4, 12027, 12027
VC,  2020-06-06,  7,  3,  0,  0,  0,  4, 12027, 12027
VC,  2020-06-07,  7,  0,  0,  0,  0,  7, 12034, 12034
VC,  2020-06-07,  7,  0,  0,  0,  0,  7, 12034, 12034
VC,  2020-06-08,  6,  2,  0,  0,  0,  4, 12040, 12040
VC,  2020-06-08,  6,  2,  0,  0,  0,  4, 12040, 12040
VC,  2020-06-09,  9,  2,  0,  0,  0,  7, 12049, 12049
VC,  2020-06-09,  9,  2,  0,  0,  0,  7, 12049, 12049
VC,  2020-06-10,  2,  1,  0,  0,  0,  1, 12051, 12051
VC,  2020-06-10,  2,  1,  0,  0,  0,  1, 12051, 12051
VC,  2020-06-11,  11,  0,  0,  0,  0,  11, 12062, 12062
VC,  2020-06-11,  11,  0,  0,  0,  0,  11, 12062, 12062
VC,  2020-06-12,  12,  3,  0,  0,  0,  9, 12074, 12074
VC,  2020-06-12,  12,  3,  0,  0,  0,  9, 12074, 12074
VC,  2020-06-13,  3,  0,  0,  0,  0,  3, 12077, 12077
VC,  2020-06-13,  3,  0,  0,  0,  0,  3, 12077, 12077
VC,  2020-06-14,  2,  1,  0,  0,  0,  1, 12079, 12079
VC,  2020-06-14,  2,  1,  0,  0,  0,  1, 12079, 12079
VC,  2020-06-15,  10,  3,  0,  0,  0,  7, 12089, 12089
VC,  2020-06-15,  10,  3,  0,  0,  0,  7, 12089, 12089
VC,  2020-06-16,  12,  2,  0,  0,  0,  10, 12101, 12101
VC,  2020-06-16,  12,  2,  0,  0,  0,  10, 12101, 12101
VC,  2020-06-17,  12,  2,  0,  0,  0,  10, 12113, 12113
VC,  2020-06-17,  12,  2,  0,  0,  0,  10, 12113, 12113
VC,  2020-06-18,  8,  2,  0,  0,  0,  6, 12121, 12121
VC,  2020-06-18,  8,  2,  0,  0,  0,  6, 12121, 12121
VC,  2020-06-19,  10,  1,  0,  0,  0,  9, 12131, 12131
VC,  2020-06-19,  10,  1,  0,  0,  0,  9, 12131, 12131
VC,  2020-06-20,  4,  0,  0,  0,  0,  4, 12135, 12135
VC,  2020-06-20,  4,  0,  0,  0,  0,  4, 12135, 12135
VC,  2020-06-21,  8,  1,  0,  0,  0,  7, 12143, 12143
VC,  2020-06-21,  8,  1,  0,  0,  0,  7, 12143, 12143
VC,  2020-06-22,  8,  4,  0,  0,  0,  4, 12151, 12151
VC,  2020-06-22,  8,  4,  0,  0,  0,  4, 12151, 12151
VC,  2020-06-23,  11,  4,  0,  0,  0,  7, 12162, 12162
VC,  2020-06-23,  11,  4,  0,  0,  0,  7, 12162, 12162
VC,  2020-06-24,  8,  1,  0,  0,  0,  7, 12170, 12170
VC,  2020-06-24,  8,  1,  0,  0,  0,  7, 12170, 12170
VC,  2020-06-25,  9,  0,  0,  0,  0,  9, 12179, 12179
VC,  2020-06-25,  9,  0,  0,  0,  0,  9, 12179, 12179
VC,  2020-06-26,  15,  3,  0,  0,  0,  12, 12194, 12194
VC,  2020-06-26,  15,  3,  0,  0,  0,  12, 12194, 12194
VC,  2020-06-27,  16,  1,  0,  0,  0,  15, 12210, 12210
VC,  2020-06-27,  16,  1,  0,  0,  0,  15, 12210, 12210
VC,  2020-06-28,  12,  0,  0,  0,  0,  12, 12222, 12222
VC,  2020-06-28,  12,  0,  0,  0,  0,  12, 12222, 12222
VC,  2020-06-29,  19,  2,  0,  0,  0,  17, 12241, 12241
VC,  2020-06-29,  19,  2,  0,  0,  0,  17, 12241, 12241
VC,  2020-06-30,  20,  7,  0,  1,  0,  12, 12261, 12261
VC,  2020-06-30,  20,  7,  0,  1,  0,  12, 12261, 12261
VC,  2020-07-01,  23,  4,  0,  0,  0,  19, 12284, 12284
VC,  2020-07-01,  23,  4,  0,  0,  0,  19, 12284, 12284
VC,  2020-07-02,  23,  5,  0,  0,  0,  18, 12307, 12307
VC,  2020-07-02,  23,  5,  0,  0,  0,  18, 12307, 12307
VC,  2020-07-03,  16,  2,  0,  0,  0,  14, 12323, 12323
VC,  2020-07-03,  16,  2,  0,  0,  0,  14, 12323, 12323
VC,  2020-07-04,  7,  3,  0,  0,  0,  4, 12330, 12330
VC,  2020-07-04,  7,  3,  0,  0,  0,  4, 12330, 12330
VC,  2020-07-05,  11,  4,  0,  0,  0,  7, 12341, 12341
VC,  2020-07-05,  11,  4,  0,  0,  0,  7, 12341, 12341
VC,  2020-07-06,  24,  6,  0,  0,  0,  18, 12365, 12365
VC,  2020-07-06,  24,  6,  0,  0,  0,  18, 12365, 12365
VC,  2020-07-07,  28,  5,  0,  0,  0,  23, 12393, 12393
VC,  2020-07-07,  28,  5,  0,  0,  0,  23, 12393, 12393
VC,  2020-07-08,  29,  4,  0,  0,  0,  25, 12422, 12422
VC,  2020-07-08,  29,  4,  0,  0,  0,  25, 12422, 12422
VC,  2020-07-09,  28,  4,  0,  0,  0,  24, 12450, 12450
VC,  2020-07-09,  28,  4,  0,  0,  0,  24, 12450, 12450
VC,  2020-07-10,  36,  10,  0,  1,  0,  25, 12486, 12486
VC,  2020-07-10,  36,  10,  0,  1,  0,  25, 12486, 12486
VC,  2020-07-11,  35,  13,  0,  0,  0,  22, 12521, 12521
VC,  2020-07-11,  35,  13,  0,  0,  0,  22, 12521, 12521
VC,  2020-07-12,  19,  3,  0,  0,  0,  16, 12540, 12540
VC,  2020-07-12,  19,  3,  0,  0,  0,  16, 12540, 12540
VC,  2020-07-13,  48,  15,  0,  0,  0,  33, 12588, 12588
VC,  2020-07-13,  48,  15,  0,  0,  0,  33, 12588, 12588
VC,  2020-07-14,  57,  17,  0,  0,  0,  40, 12645, 12645
VC,  2020-07-14,  57,  17,  0,  0,  0,  40, 12645, 12645
VC,  2020-07-15,  89,  38,  0,  0,  0,  51, 12734, 12734
VC,  2020-07-15,  89,  38,  0,  0,  0,  51, 12734, 12734
VC,  2020-07-16,  73,  24,  0,  0,  0,  49, 12807, 12807
VC,  2020-07-16,  73,  24,  0,  0,  0,  49, 12807, 12807
VC,  2020-07-17,  86,  28,  0,  0,  0,  58, 12893, 12893
VC,  2020-07-17,  86,  28,  0,  0,  0,  58, 12893, 12893
VC,  2020-07-18,  89,  30,  0,  0,  0,  59, 12982, 12982
VC,  2020-07-18,  89,  30,  0,  0,  0,  59, 12982, 12982
VC,  2020-07-19,  86,  27,  0,  0,  0,  59, 13068, 13068
VC,  2020-07-19,  86,  27,  0,  0,  0,  59, 13068, 13068
VC,  2020-07-20,  122,  34,  0,  1,  0,  87, 13190, 13190
VC,  2020-07-20,  122,  34,  0,  1,  0,  87, 13190, 13190
VC,  2020-07-21,  136,  52,  0,  0,  0,  84, 13326, 13326
VC,  2020-07-21,  136,  52,  0,  0,  0,  84, 13326, 13326
VC,  2020-07-22,  143,  35,  0,  0,  0,  108, 13469, 13469
VC,  2020-07-22,  143,  35,  0,  0,  0,  108, 13469, 13469
VC,  2020-07-23,  124,  29,  0,  0,  0,  95, 13593, 13593
VC,  2020-07-23,  124,  29,  0,  0,  0,  95, 13593, 13593
VC,  2020-07-24,  151,  39,  0,  0,  0,  112, 13744, 13744
VC,  2020-07-24,  151,  39,  0,  0,  0,  112, 13744, 13744
VC,  2020-07-25,  172,  59,  0,  0,  0,  113, 13916, 13916
VC,  2020-07-25,  172,  59,  0,  0,  0,  113, 13916, 13916
VC,  2020-07-26,  135,  29,  0,  0,  0,  106, 14051, 14051
VC,  2020-07-26,  135,  29,  0,  0,  0,  106, 14051, 14051
VC,  2020-07-27,  212,  45,  0,  0,  0,  167, 14263, 14263
VC,  2020-07-27,  212,  45,  0,  0,  0,  167, 14263, 14263
VC,  2020-07-28,  189,  22,  0,  0,  0,  167, 14452, 14452
VC,  2020-07-28,  189,  22,  0,  0,  0,  167, 14452, 14452
VC,  2020-07-29,  274,  54,  0,  0,  0,  220, 14726, 14726
VC,  2020-07-29,  274,  54,  0,  0,  0,  220, 14726, 14726
VC,  2020-07-30,  243,  43,  0,  0,  0,  200, 14969, 14969
VC,  2020-07-30,  243,  43,  0,  0,  0,  200, 14969, 14969
VC,  2020-07-31,  250,  59,  0,  0,  0,  191, 15219, 15219
VC,  2020-07-31,  250,  59,  0,  0,  0,  191, 15219, 15219
VC,  2020-08-01,  286,  72,  0,  0,  0,  214, 15505, 15505
VC,  2020-08-01,  286,  72,  0,  0,  0,  214, 15505, 15505
VC,  2020-08-02,  210,  48,  0,  0,  0,  162, 15715, 15715
VC,  2020-08-02,  210,  48,  0,  0,  0,  162, 15715, 15715
VC,  2020-08-03,  296,  78,  0,  0,  0,  218, 16011, 16011
VC,  2020-08-03,  296,  78,  0,  0,  0,  218, 16011, 16011
VC,  2020-08-04,  366,  87,  0,  0,  0,  279, 16377, 16377
VC,  2020-08-04,  366,  87,  0,  0,  0,  279, 16377, 16377
VC,  2020-08-05,  374,  87,  0,  0,  0,  287, 16751, 16751
VC,  2020-08-05,  374,  87,  0,  0,  0,  287, 16751, 16751
VC,  2020-08-06,  321,  70,  0,  0,  0,  251, 17072, 17072
VC,  2020-08-06,  321,  70,  0,  0,  0,  251, 17072, 17072
VC,  2020-08-07,  361,  72,  0,  0,  0,  289, 17433, 17433
VC,  2020-08-07,  361,  72,  0,  0,  0,  289, 17433, 17433
VC,  2020-08-08,  320,  62,  0,  0,  0,  258, 17753, 17753
VC,  2020-08-08,  320,  62,  0,  0,  0,  258, 17753, 17753
VC,  2020-08-09,  276,  53,  0,  0,  0,  223, 18029, 18029
VC,  2020-08-09,  276,  53,  0,  0,  0,  223, 18029, 18029
VC,  2020-08-10,  438,  93,  0,  0,  0,  345, 18467, 18467
VC,  2020-08-10,  438,  93,  0,  0,  0,  345, 18467, 18467
VC,  2020-08-11,  432,  76,  0,  0,  0,  356, 18899, 18899
VC,  2020-08-11,  432,  76,  0,  0,  0,  356, 18899, 18899
VC,  2020-08-12,  456,  85,  0,  0,  0,  371, 19355, 19355
VC,  2020-08-12,  456,  85,  0,  0,  0,  371, 19355, 19355
VC,  2020-08-13,  448,  93,  0,  0,  0,  355, 19803, 19803
VC,  2020-08-13,  448,  93,  0,  0,  0,  355, 19803, 19803
VC,  2020-08-14,  531,  107,  0,  0,  0,  424, 20334, 20334
VC,  2020-08-14,  531,  107,  0,  0,  0,  424, 20334, 20334
VC,  2020-08-15,  413,  93,  0,  0,  0,  320, 20747, 20747
VC,  2020-08-15,  413,  93,  0,  0,  0,  320, 20747, 20747
VC,  2020-08-16,  375,  86,  0,  0,  0,  289, 21122, 21122
VC,  2020-08-16,  375,  86,  0,  0,  0,  289, 21122, 21122
VC,  2020-08-17,  589,  122,  0,  0,  0,  467, 21711, 21711
VC,  2020-08-17,  589,  122,  0,  0,  0,  467, 21711, 21711
VC,  2020-08-18,  577,  129,  0,  0,  0,  448, 22288, 22288
VC,  2020-08-18,  577,  129,  0,  0,  0,  448, 22288, 22288
VC,  2020-08-19,  589,  147,  0,  0,  0,  442, 22877, 22877
VC,  2020-08-19,  589,  147,  0,  0,  0,  442, 22877, 22877
VC,  2020-08-20,  608,  120,  0,  0,  0,  488, 23485, 23485
VC,  2020-08-20,  608,  120,  0,  0,  0,  488, 23485, 23485
VC,  2020-08-21,  658,  137,  0,  0,  0,  521, 24143, 24143
VC,  2020-08-21,  658,  137,  0,  0,  0,  521, 24143, 24143
VC,  2020-08-22,  600,  136,  0,  0,  0,  464, 24743, 24743
VC,  2020-08-22,  600,  136,  0,  0,  0,  464, 24743, 24743
VC,  2020-08-23,  468,  103,  0,  0,  0,  365, 25211, 25211
VC,  2020-08-23,  468,  103,  0,  0,  0,  365, 25211, 25211
VC,  2020-08-24,  703,  161,  0,  0,  0,  542, 25914, 25914
VC,  2020-08-24,  703,  161,  0,  0,  0,  542, 25914, 25914
VC,  2020-08-25,  588,  137,  0,  0,  0,  451, 26502, 26502
VC,  2020-08-25,  588,  137,  0,  0,  0,  451, 26502, 26502
VC,  2020-08-26,  684,  140,  0,  0,  0,  544, 27186, 27186
VC,  2020-08-26,  684,  140,  0,  0,  0,  544, 27186, 27186
VC,  2020-08-27,  554,  113,  0,  1,  0,  440, 27740, 27740
VC,  2020-08-27,  554,  113,  0,  1,  0,  440, 27740, 27740
VC,  2020-08-28,  667,  134,  0,  0,  0,  533, 28407, 28407
VC,  2020-08-28,  667,  134,  0,  0,  0,  533, 28407, 28407
VC,  2020-08-29,  639,  155,  0,  0,  0,  484, 29046, 29046
VC,  2020-08-29,  639,  155,  0,  0,  0,  484, 29046, 29046
VC,  2020-08-30,  392,  81,  0,  0,  0,  311, 29438, 29438
VC,  2020-08-30,  392,  81,  0,  0,  0,  311, 29438, 29438
VC,  2020-08-31,  514,  119,  0,  0,  0,  395, 29952, 29952
VC,  2020-08-31,  514,  119,  0,  0,  0,  395, 29952, 29952
VC,  2020-09-01,  579,  108,  0,  0,  0,  471, 30531, 30531
VC,  2020-09-01,  579,  108,  0,  0,  0,  471, 30531, 30531
VC,  2020-09-02,  588,  112,  0,  0,  0,  476, 31119, 31119
VC,  2020-09-02,  588,  112,  0,  0,  0,  476, 31119, 31119
VC,  2020-09-03,  532,  116,  0,  0,  0,  416, 31651, 31651
VC,  2020-09-03,  532,  116,  0,  0,  0,  416, 31651, 31651
VC,  2020-09-04,  618,  138,  0,  0,  0,  480, 32269, 32269
VC,  2020-09-04,  618,  138,  0,  0,  0,  480, 32269, 32269
VC,  2020-09-05,  537,  118,  0,  0,  0,  419, 32806, 32806
VC,  2020-09-05,  537,  118,  0,  0,  0,  419, 32806, 32806
VC,  2020-09-06,  387,  74,  0,  0,  0,  313, 33193, 33193
VC,  2020-09-06,  387,  74,  0,  0,  0,  313, 33193, 33193
VC,  2020-09-07,  564,  140,  0,  0,  0,  424, 33757, 33757
VC,  2020-09-07,  564,  140,  0,  0,  0,  424, 33757, 33757
VC,  2020-09-08,  566,  108,  0,  0,  0,  458, 34323, 34323
VC,  2020-09-08,  566,  108,  0,  0,  0,  458, 34323, 34323
VC,  2020-09-09,  559,  144,  0,  0,  0,  415, 34882, 34882
VC,  2020-09-09,  559,  144,  0,  0,  0,  415, 34882, 34882
VC,  2020-09-10,  575,  125,  0,  0,  0,  450, 35457, 35457
VC,  2020-09-10,  575,  125,  0,  0,  0,  450, 35457, 35457
VC,  2020-09-11,  566,  119,  0,  0,  0,  447, 36023, 36023
VC,  2020-09-11,  566,  119,  0,  0,  0,  447, 36023, 36023
VC,  2020-09-12,  448,  106,  0,  0,  0,  342, 36471, 36471
VC,  2020-09-12,  448,  106,  0,  0,  0,  342, 36471, 36471
VC,  2020-09-13,  389,  92,  0,  0,  0,  297, 36860, 36860
VC,  2020-09-13,  389,  92,  0,  0,  0,  297, 36860, 36860
VC,  2020-09-14,  542,  142,  0,  0,  0,  400, 37402, 37402
VC,  2020-09-14,  542,  142,  0,  0,  0,  400, 37402, 37402
VC,  2020-09-15,  483,  128,  0,  0,  0,  355, 37885, 37885
VC,  2020-09-15,  483,  128,  0,  0,  0,  355, 37885, 37885
VC,  2020-09-16,  530,  131,  0,  0,  0,  399, 38415, 38415
VC,  2020-09-16,  530,  131,  0,  0,  0,  399, 38415, 38415
VC,  2020-09-17,  473,  103,  0,  0,  0,  370, 38888, 38888
VC,  2020-09-17,  473,  103,  0,  0,  0,  370, 38888, 38888
VC,  2020-09-18,  464,  106,  0,  0,  0,  358, 39352, 39352
VC,  2020-09-18,  464,  106,  0,  0,  0,  358, 39352, 39352
VC,  2020-09-19,  400,  89,  0,  0,  0,  311, 39752, 39752
VC,  2020-09-19,  400,  89,  0,  0,  0,  311, 39752, 39752
VC,  2020-09-20,  337,  63,  0,  0,  0,  274, 40089, 40089
VC,  2020-09-20,  337,  63,  0,  0,  0,  274, 40089, 40089
VC,  2020-09-21,  439,  115,  0,  0,  0,  324, 40528, 40528
VC,  2020-09-21,  439,  115,  0,  0,  0,  324, 40528, 40528
VC,  2020-09-22,  489,  123,  0,  0,  0,  366, 41017, 41017
VC,  2020-09-22,  489,  123,  0,  0,  0,  366, 41017, 41017
VC,  2020-09-23,  456,  111,  0,  2,  0,  343, 41473, 41473
VC,  2020-09-23,  456,  111,  0,  2,  0,  343, 41473, 41473
VC,  2020-09-24,  429,  112,  0,  0,  0,  317, 41902, 41902
VC,  2020-09-24,  429,  112,  0,  0,  0,  317, 41902, 41902
VC,  2020-09-25,  436,  108,  0,  0,  0,  328, 42338, 42338
VC,  2020-09-25,  436,  108,  0,  0,  0,  328, 42338, 42338
VC,  2020-09-26,  370,  99,  0,  0,  0,  271, 42708, 42708
VC,  2020-09-26,  370,  99,  0,  0,  0,  271, 42708, 42708
VC,  2020-09-27,  262,  79,  0,  0,  0,  183, 42970, 42970
VC,  2020-09-27,  262,  79,  0,  0,  0,  183, 42970, 42970
VC,  2020-09-28,  437,  135,  0,  0,  0,  302, 43407, 43407
VC,  2020-09-28,  437,  135,  0,  0,  0,  302, 43407, 43407
VC,  2020-09-29,  410,  126,  0,  1,  0,  283, 43817, 43817
VC,  2020-09-29,  410,  126,  0,  1,  0,  283, 43817, 43817
VC,  2020-09-30,  466,  144,  0,  1,  0,  321, 44283, 44283
VC,  2020-09-30,  466,  144,  0,  1,  0,  321, 44283, 44283
VC,  2020-10-01,  485,  146,  0,  3,  0,  336, 44768, 44768
VC,  2020-10-01,  485,  146,  0,  3,  0,  336, 44768, 44768
VC,  2020-10-02,  470,  142,  0,  0,  0,  328, 45238, 45238
VC,  2020-10-02,  470,  142,  0,  0,  0,  328, 45238, 45238
VC,  2020-10-03,  435,  156,  0,  0,  0,  279, 45673, 45673
VC,  2020-10-03,  435,  156,  0,  0,  0,  279, 45673, 45673
VC,  2020-10-04,  392,  137,  0,  1,  0,  254, 46065, 46065
VC,  2020-10-04,  392,  137,  0,  1,  0,  254, 46065, 46065
VC,  2020-10-05,  606,  186,  0,  1,  0,  419, 46671, 46671
VC,  2020-10-05,  606,  186,  0,  1,  0,  419, 46671, 46671
VC,  2020-10-06,  661,  231,  0,  2,  0,  428, 47332, 47332
VC,  2020-10-06,  661,  231,  0,  2,  0,  428, 47332, 47332
VC,  2020-10-07,  599,  167,  0,  4,  0,  428, 47931, 47931
VC,  2020-10-07,  599,  167,  0,  4,  0,  428, 47931, 47931
VC,  2020-10-08,  711,  226,  0,  0,  0,  485, 48642, 48642
VC,  2020-10-08,  711,  226,  0,  0,  0,  485, 48642, 48642
VC,  2020-10-09,  638,  191,  0,  2,  0,  445, 49280, 49280
VC,  2020-10-09,  638,  191,  0,  2,  0,  445, 49280, 49280
VC,  2020-10-10,  588,  164,  0,  2,  0,  422, 49868, 49868
VC,  2020-10-10,  588,  164,  0,  2,  0,  422, 49868, 49868
VC,  2020-10-11,  509,  137,  0,  7,  0,  365, 50377, 50377
VC,  2020-10-11,  509,  137,  0,  7,  0,  365, 50377, 50377
VC,  2020-10-12,  701,  194,  0,  2,  0,  505, 51078, 51078
VC,  2020-10-12,  701,  194,  0,  2,  0,  505, 51078, 51078
VC,  2020-10-13,  800,  216,  0,  5,  0,  579, 51878, 51878
VC,  2020-10-13,  800,  216,  0,  5,  0,  579, 51878, 51878
VC,  2020-10-14,  1036,  265,  0,  4,  0,  767, 52914, 52914
VC,  2020-10-14,  1036,  265,  0,  4,  0,  767, 52914, 52914
VC,  2020-10-15,  999,  274,  0,  7,  0,  718, 53913, 53913
VC,  2020-10-15,  999,  274,  0,  7,  0,  718, 53913, 53913
VC,  2020-10-16,  1080,  286,  0,  10,  0,  784, 54993, 54993
VC,  2020-10-16,  1080,  286,  0,  10,  0,  784, 54993, 54993
VC,  2020-10-17,  1001,  291,  0,  10,  0,  700, 55994, 55994
VC,  2020-10-17,  1001,  291,  0,  10,  0,  700, 55994, 55994
VC,  2020-10-18,  928,  301,  0,  15,  0,  612, 56922, 56922
VC,  2020-10-18,  928,  301,  0,  15,  0,  612, 56922, 56922
VC,  2020-10-19,  1425,  424,  0,  21,  0,  980, 58347, 58347
VC,  2020-10-19,  1425,  424,  0,  21,  0,  980, 58347, 58347
VC,  2020-10-20,  1576,  452,  0,  32,  0,  1092, 59923, 59923
VC,  2020-10-20,  1576,  452,  0,  32,  0,  1092, 59923, 59923
VC,  2020-10-21,  1493,  439,  0,  37,  0,  1017, 61416, 61416
VC,  2020-10-21,  1493,  439,  0,  37,  0,  1017, 61416, 61416
VC,  2020-10-22,  1452,  433,  0,  46,  0,  973, 62868, 62868
VC,  2020-10-22,  1452,  433,  0,  46,  0,  973, 62868, 62868
VC,  2020-10-23,  1518,  478,  0,  43,  0,  997, 64386, 64386
VC,  2020-10-23,  1518,  478,  0,  43,  0,  997, 64386, 64386
VC,  2020-10-24,  1397,  373,  0,  46,  0,  978, 65783, 65783
VC,  2020-10-24,  1397,  373,  0,  46,  0,  978, 65783, 65783
VC,  2020-10-25,  1160,  346,  0,  37,  0,  777, 66943, 66943
VC,  2020-10-25,  1160,  346,  0,  37,  0,  777, 66943, 66943
VC,  2020-10-26,  1707,  510,  0,  62,  0,  1135, 68650, 68650
VC,  2020-10-26,  1707,  510,  0,  62,  0,  1135, 68650, 68650
VC,  2020-10-27,  1734,  496,  0,  66,  0,  1172, 70384, 70384
VC,  2020-10-27,  1734,  496,  0,  66,  0,  1172, 70384, 70384
VC,  2020-10-28,  1775,  517,  0,  73,  0,  1185, 72159, 72159
VC,  2020-10-28,  1775,  517,  0,  73,  0,  1185, 72159, 72159
VC,  2020-10-29,  1717,  552,  0,  59,  0,  1106, 73876, 73876
VC,  2020-10-29,  1717,  552,  0,  59,  0,  1106, 73876, 73876
VC,  2020-10-30,  1932,  625,  0,  57,  0,  1250, 75808, 75808
VC,  2020-10-30,  1932,  625,  0,  57,  0,  1250, 75808, 75808
VC,  2020-10-31,  1594,  464,  0,  51,  0,  1079, 77402, 77402
VC,  2020-10-31,  1594,  464,  0,  51,  0,  1079, 77402, 77402
VC,  2020-11-01,  1430,  432,  0,  58,  0,  940, 78832, 78832
VC,  2020-11-01,  1430,  432,  0,  58,  0,  940, 78832, 78832
VC,  2020-11-02,  2045,  658,  0,  135,  0,  1252, 80877, 80877
VC,  2020-11-02,  2045,  658,  0,  135,  0,  1252, 80877, 80877
VC,  2020-11-03,  1978,  626,  0,  105,  0,  1247, 82855, 82855
VC,  2020-11-03,  1978,  626,  0,  105,  0,  1247, 82855, 82855
VC,  2020-11-04,  1939,  616,  0,  103,  0,  1220, 84794, 84794
VC,  2020-11-04,  1939,  616,  0,  103,  0,  1220, 84794, 84794
VC,  2020-11-05,  1921,  659,  0,  90,  0,  1172, 86715, 86715
VC,  2020-11-05,  1921,  659,  0,  90,  0,  1172, 86715, 86715
VC,  2020-11-06,  1969,  618,  0,  108,  0,  1243, 88684, 88684
VC,  2020-11-06,  1969,  618,  0,  108,  0,  1243, 88684, 88684
VC,  2020-11-07,  1607,  538,  0,  95,  0,  974, 90291, 90291
VC,  2020-11-07,  1607,  538,  0,  95,  0,  974, 90291, 90291
VC,  2020-11-08,  1230,  369,  0,  92,  0,  769, 91521, 91521
VC,  2020-11-08,  1230,  369,  0,  92,  0,  769, 91521, 91521
VC,  2020-11-09,  1713,  502,  0,  114,  0,  1097, 93234, 93234
VC,  2020-11-09,  1713,  502,  0,  114,  0,  1097, 93234, 93234
VC,  2020-11-10,  1652,  499,  0,  111,  0,  1042, 94886, 94886
VC,  2020-11-10,  1652,  499,  0,  111,  0,  1042, 94886, 94886
VC,  2020-11-11,  1789,  544,  0,  95,  0,  1150, 96675, 96675
VC,  2020-11-11,  1789,  544,  0,  95,  0,  1150, 96675, 96675
VC,  2020-11-12,  1634,  455,  0,  93,  0,  1086, 98309, 98309
VC,  2020-11-12,  1634,  455,  0,  93,  0,  1086, 98309, 98309
VC,  2020-11-13,  1630,  476,  0,  93,  0,  1061, 99939, 99939
VC,  2020-11-13,  1630,  476,  0,  93,  0,  1061, 99939, 99939
VC,  2020-11-14,  1271,  353,  0,  62,  0,  856, 101210, 101210
VC,  2020-11-14,  1271,  353,  0,  62,  0,  856, 101210, 101210
VC,  2020-11-15,  930,  230,  0,  51,  0,  649, 102140, 102140
VC,  2020-11-15,  930,  230,  0,  51,  0,  649, 102140, 102140
VC,  2020-11-16,  1485,  409,  0,  90,  0,  986, 103625, 103625
VC,  2020-11-16,  1485,  409,  0,  90,  0,  986, 103625, 103625
VC,  2020-11-17,  1448,  415,  0,  80,  0,  953, 105073, 105073
VC,  2020-11-17,  1448,  415,  0,  80,  0,  953, 105073, 105073
VC,  2020-11-18,  1336,  355,  0,  58,  0,  923, 106409, 106409
VC,  2020-11-18,  1336,  355,  0,  58,  0,  923, 106409, 106409
VC,  2020-11-19,  1264,  329,  0,  56,  0,  879, 107673, 107673
VC,  2020-11-19,  1264,  329,  0,  56,  0,  879, 107673, 107673
VC,  2020-11-20,  1369,  384,  0,  68,  0,  917, 109042, 109042
VC,  2020-11-20,  1369,  384,  0,  68,  0,  917, 109042, 109042
VC,  2020-11-21,  992,  247,  0,  59,  0,  686, 110034, 110034
VC,  2020-11-21,  992,  247,  0,  59,  0,  686, 110034, 110034
VC,  2020-11-22,  730,  192,  0,  50,  0,  488, 110764, 110764
VC,  2020-11-22,  730,  192,  0,  50,  0,  488, 110764, 110764
VC,  2020-11-23,  1105,  315,  0,  80,  0,  710, 111869, 111869
VC,  2020-11-23,  1105,  315,  0,  80,  0,  710, 111869, 111869
VC,  2020-11-24,  1131,  356,  0,  65,  0,  710, 113000, 113000
VC,  2020-11-24,  1131,  356,  0,  65,  0,  710, 113000, 113000
VC,  2020-11-25,  1080,  305,  0,  66,  0,  709, 114080, 114080
VC,  2020-11-25,  1080,  305,  0,  66,  0,  709, 114080, 114080
VC,  2020-11-26,  969,  272,  0,  46,  0,  651, 115049, 115049
VC,  2020-11-26,  969,  272,  0,  46,  0,  651, 115049, 115049
VC,  2020-11-27,  1008,  300,  0,  65,  0,  643, 116057, 116057
VC,  2020-11-27,  1008,  300,  0,  65,  0,  643, 116057, 116057
VC,  2020-11-28,  857,  221,  0,  67,  0,  569, 116914, 116914
VC,  2020-11-28,  857,  221,  0,  67,  0,  569, 116914, 116914
VC,  2020-11-29,  569,  154,  0,  38,  0,  377, 117483, 117483
VC,  2020-11-29,  569,  154,  0,  38,  0,  377, 117483, 117483
VC,  2020-11-30,  991,  259,  0,  72,  0,  660, 118474, 118474
VC,  2020-11-30,  991,  259,  0,  72,  0,  660, 118474, 118474
VC,  2020-12-01,  1101,  315,  0,  76,  0,  710, 119575, 119575
VC,  2020-12-01,  1101,  315,  0,  76,  0,  710, 119575, 119575
VC,  2020-12-02,  1025,  312,  0,  62,  0,  651, 120600, 120600
VC,  2020-12-02,  1025,  312,  0,  62,  0,  651, 120600, 120600
VC,  2020-12-03,  990,  281,  0,  54,  0,  655, 121590, 121590
VC,  2020-12-03,  990,  281,  0,  54,  0,  655, 121590, 121590
VC,  2020-12-04,  1044,  294,  0,  62,  0,  688, 122634, 122634
VC,  2020-12-04,  1044,  294,  0,  62,  0,  688, 122634, 122634
VC,  2020-12-05,  892,  239,  0,  67,  0,  586, 123526, 123526
VC,  2020-12-05,  892,  239,  0,  67,  0,  586, 123526, 123526
VC,  2020-12-06,  755,  214,  0,  74,  0,  467, 124281, 124281
VC,  2020-12-06,  755,  214,  0,  74,  0,  467, 124281, 124281
VC,  2020-12-07,  1013,  298,  0,  98,  0,  617, 125294, 125294
VC,  2020-12-07,  1013,  298,  0,  98,  0,  617, 125294, 125294
VC,  2020-12-08,  1059,  303,  0,  108,  0,  648, 126353, 126353
VC,  2020-12-08,  1059,  303,  0,  108,  0,  648, 126353, 126353
VC,  2020-12-09,  1386,  406,  0,  159,  0,  821, 127739, 127739
VC,  2020-12-09,  1386,  406,  0,  159,  0,  821, 127739, 127739
VC,  2020-12-10,  1684,  531,  0,  131,  0,  1022, 129423, 129423
VC,  2020-12-10,  1684,  531,  0,  131,  0,  1022, 129423, 129423
VC,  2020-12-11,  1755,  496,  0,  138,  0,  1121, 131178, 131178
VC,  2020-12-11,  1755,  496,  0,  138,  0,  1121, 131178, 131178
VC,  2020-12-12,  1639,  444,  0,  131,  0,  1064, 132817, 132817
VC,  2020-12-12,  1639,  444,  0,  131,  0,  1064, 132817, 132817
VC,  2020-12-13,  1294,  358,  0,  129,  0,  807, 134111, 134111
VC,  2020-12-13,  1294,  358,  0,  129,  0,  807, 134111, 134111
VC,  2020-12-14,  1927,  537,  0,  183,  0,  1207, 136038, 136038
VC,  2020-12-14,  1927,  537,  0,  183,  0,  1207, 136038, 136038
VC,  2020-12-15,  1985,  504,  0,  169,  0,  1312, 138023, 138023
VC,  2020-12-15,  1985,  504,  0,  169,  0,  1312, 138023, 138023
VC,  2020-12-16,  2141,  600,  0,  171,  0,  1370, 140164, 140164
VC,  2020-12-16,  2141,  600,  0,  171,  0,  1370, 140164, 140164
VC,  2020-12-17,  1950,  531,  0,  169,  0,  1250, 142114, 142114
VC,  2020-12-17,  1950,  531,  0,  169,  0,  1250, 142114, 142114
VC,  2020-12-18,  2315,  654,  0,  232,  0,  1429, 144429, 144429
VC,  2020-12-18,  2315,  654,  0,  232,  0,  1429, 144429, 144429
VC,  2020-12-19,  1886,  557,  0,  191,  0,  1138, 146315, 146315
VC,  2020-12-19,  1886,  557,  0,  191,  0,  1138, 146315, 146315
VC,  2020-12-20,  1522,  464,  0,  168,  0,  890, 147837, 147837
VC,  2020-12-20,  1522,  464,  0,  168,  0,  890, 147837, 147837
VC,  2020-12-21,  2342,  772,  0,  237,  0,  1333, 150179, 150179
VC,  2020-12-21,  2342,  772,  0,  237,  0,  1333, 150179, 150179
VC,  2020-12-22,  2466,  794,  0,  231,  0,  1441, 152645, 152645
VC,  2020-12-22,  2466,  794,  0,  231,  0,  1441, 152645, 152645
VC,  2020-12-23,  2706,  1025,  0,  259,  0,  1422, 155351, 155351
VC,  2020-12-23,  2706,  1025,  0,  259,  0,  1422, 155351, 155351
VC,  2020-12-24,  2472,  1060,  0,  293,  0,  1119, 157823, 157823
VC,  2020-12-24,  2472,  1060,  0,  293,  0,  1119, 157823, 157823
VC,  2020-12-25,  1875,  791,  0,  283,  0,  801, 159698, 159698
VC,  2020-12-25,  1875,  791,  0,  283,  0,  801, 159698, 159698
VC,  2020-12-26,  2273,  1003,  0,  371,  0,  899, 161971, 161971
VC,  2020-12-26,  2273,  1003,  0,  371,  0,  899, 161971, 161971
VC,  2020-12-27,  2220,  1039,  0,  493,  0,  688, 164191, 164191
VC,  2020-12-27,  2220,  1039,  0,  493,  0,  688, 164191, 164191
VC,  2020-12-28,  3790,  1815,  0,  725,  0,  1250, 167981, 167981
VC,  2020-12-28,  3790,  1815,  0,  725,  0,  1250, 167981, 167981
VC,  2020-12-29,  3271,  1724,  0,  562,  0,  985, 171252, 171252
VC,  2020-12-29,  3271,  1724,  0,  562,  0,  985, 171252, 171252
VC,  2020-12-30,  3503,  1822,  0,  524,  0,  1157, 174755, 174755
VC,  2020-12-30,  3503,  1822,  0,  524,  0,  1157, 174755, 174755
VC,  2020-12-31,  3471,  1705,  0,  531,  0,  1235, 178226, 178226
VC,  2020-12-31,  3471,  1705,  0,  531,  0,  1235, 178226, 178226
VC,  2021-01-01,  3462,  1471,  0,  510,  0,  1481, 181688, 181688
VC,  2021-01-01,  3462,  1471,  0,  510,  0,  1481, 181688, 181688
VC,  2021-01-02,  3922,  1579,  0,  591,  0,  1752, 185610, 185610
VC,  2021-01-02,  3922,  1579,  0,  591,  0,  1752, 185610, 185610
VC,  2021-01-03,  3863,  1401,  0,  681,  0,  1781, 189473, 189473
VC,  2021-01-03,  3863,  1401,  0,  681,  0,  1781, 189473, 189473
VC,  2021-01-04,  5557,  2154,  0,  775,  0,  2628, 195030, 195030
VC,  2021-01-04,  5557,  2154,  0,  775,  0,  2628, 195030, 195030
VC,  2021-01-05,  5959,  2303,  0,  862,  0,  2794, 200989, 200989
VC,  2021-01-05,  5959,  2303,  0,  862,  0,  2794, 200989, 200989
VC,  2021-01-06,  5029,  1851,  0,  752,  0,  2426, 206018, 206018
VC,  2021-01-06,  5029,  1851,  0,  752,  0,  2426, 206018, 206018
VC,  2021-01-07,  6170,  2398,  0,  870,  0,  2902, 212188, 212188
VC,  2021-01-07,  6170,  2398,  0,  870,  0,  2902, 212188, 212188
VC,  2021-01-08,  7368,  2816,  0,  1062,  0,  3490, 219556, 219556
VC,  2021-01-08,  7368,  2816,  0,  1062,  0,  3490, 219556, 219556
VC,  2021-01-09,  6749,  2480,  0,  1083,  0,  3186, 226305, 226305
VC,  2021-01-09,  6749,  2480,  0,  1083,  0,  3186, 226305, 226305
VC,  2021-01-10,  5709,  2067,  0,  1025,  0,  2617, 232014, 232014
VC,  2021-01-10,  5709,  2067,  0,  1025,  0,  2617, 232014, 232014
VC,  2021-01-11,  7925,  3049,  0,  1222,  0,  3654, 239939, 239939
VC,  2021-01-11,  7925,  3049,  0,  1222,  0,  3654, 239939, 239939
VC,  2021-01-12,  7886,  2914,  0,  1160,  0,  3812, 247825, 247825
VC,  2021-01-12,  7886,  2914,  0,  1160,  0,  3812, 247825, 247825
VC,  2021-01-13,  7555,  3045,  0,  1039,  0,  3471, 255380, 255380
VC,  2021-01-13,  7555,  3045,  0,  1039,  0,  3471, 255380, 255380
VC,  2021-01-14,  7502,  3008,  0,  1065,  0,  3429, 262882, 262882
VC,  2021-01-14,  7502,  3008,  0,  1065,  0,  3429, 262882, 262882
VC,  2021-01-15,  8665,  3523,  0,  1235,  0,  3907, 271547, 271547
VC,  2021-01-15,  8665,  3523,  0,  1235,  0,  3907, 271547, 271547
VC,  2021-01-16,  6805,  2687,  0,  1084,  0,  3034, 278352, 278352
VC,  2021-01-16,  6805,  2687,  0,  1084,  0,  3034, 278352, 278352
VC,  2021-01-17,  5397,  2034,  0,  944,  0,  2419, 283749, 283749
VC,  2021-01-17,  5397,  2034,  0,  944,  0,  2419, 283749, 283749
VC,  2021-01-18,  7732,  2978,  0,  1226,  0,  3528, 291481, 291481
VC,  2021-01-18,  7732,  2978,  0,  1226,  0,  3528, 291481, 291481
VC,  2021-01-19,  7021,  2771,  0,  1014,  0,  3236, 298502, 298502
VC,  2021-01-19,  7021,  2771,  0,  1014,  0,  3236, 298502, 298502
VC,  2021-01-20,  7336,  3001,  0,  989,  0,  3346, 305838, 305838
VC,  2021-01-20,  7336,  3001,  0,  989,  0,  3346, 305838, 305838
VC,  2021-01-21,  6895,  2904,  0,  840,  0,  3151, 312733, 312733
VC,  2021-01-21,  6895,  2904,  0,  840,  0,  3151, 312733, 312733
VC,  2021-01-22,  6652,  2790,  0,  913,  0,  2949, 319385, 319385
VC,  2021-01-22,  6652,  2790,  0,  913,  0,  2949, 319385, 319385
VC,  2021-01-23,  5052,  2002,  0,  778,  0,  2272, 324437, 324437
VC,  2021-01-23,  5052,  2002,  0,  778,  0,  2272, 324437, 324437
VC,  2021-01-24,  3954,  1500,  0,  641,  0,  1813, 328391, 328391
VC,  2021-01-24,  3954,  1500,  0,  641,  0,  1813, 328391, 328391
VC,  2021-01-25,  5769,  2473,  0,  872,  0,  2424, 334160, 334160
VC,  2021-01-25,  5769,  2473,  0,  872,  0,  2424, 334160, 334160
VC,  2021-01-26,  5237,  2223,  0,  665,  0,  2349, 339397, 339397
VC,  2021-01-26,  5237,  2223,  0,  665,  0,  2349, 339397, 339397
VC,  2021-01-27,  5003,  2223,  0,  567,  0,  2213, 344400, 344400
VC,  2021-01-27,  5003,  2223,  0,  567,  0,  2213, 344400, 344400
VC,  2021-01-28,  4474,  2018,  0,  521,  0,  1935, 348874, 348874
VC,  2021-01-28,  4474,  2018,  0,  521,  0,  1935, 348874, 348874
VC,  2021-01-29,  3902,  1760,  0,  424,  0,  1718, 352776, 352776
VC,  2021-01-29,  3902,  1760,  0,  424,  0,  1718, 352776, 352776
VC,  2021-01-30,  3147,  1486,  0,  367,  0,  1294, 355923, 355923
VC,  2021-01-30,  3147,  1486,  0,  367,  0,  1294, 355923, 355923
VC,  2021-01-31,  2015,  993,  0,  316,  0,  706, 357938, 357938
VC,  2021-01-31,  2015,  993,  0,  316,  0,  706, 357938, 357938
VC,  2021-02-01,  3044,  1431,  0,  404,  0,  1209, 360982, 360982
VC,  2021-02-01,  3044,  1431,  0,  404,  0,  1209, 360982, 360982
VC,  2021-02-02,  2847,  1482,  0,  287,  0,  1078, 363829, 363829
VC,  2021-02-02,  2847,  1482,  0,  287,  0,  1078, 363829, 363829
VC,  2021-02-03,  2568,  1345,  0,  240,  0,  983, 366397, 366397
VC,  2021-02-03,  2568,  1345,  0,  240,  0,  983, 366397, 366397
VC,  2021-02-04,  2136,  1139,  0,  185,  0,  812, 368533, 368533
VC,  2021-02-04,  2136,  1139,  0,  185,  0,  812, 368533, 368533
VC,  2021-02-05,  1969,  983,  0,  180,  0,  806, 370502, 370502
VC,  2021-02-05,  1969,  983,  0,  180,  0,  806, 370502, 370502
VC,  2021-02-06,  1365,  658,  0,  144,  0,  563, 371867, 371867
VC,  2021-02-06,  1365,  658,  0,  144,  0,  563, 371867, 371867
VC,  2021-02-07,  768,  389,  0,  111,  0,  268, 372635, 372635
VC,  2021-02-07,  768,  389,  0,  111,  0,  268, 372635, 372635
VC,  2021-02-08,  1280,  629,  0,  159,  0,  492, 373915, 373915
VC,  2021-02-08,  1280,  629,  0,  159,  0,  492, 373915, 373915
VC,  2021-02-09,  1233,  663,  0,  112,  0,  458, 375148, 375148
VC,  2021-02-09,  1233,  663,  0,  112,  0,  458, 375148, 375148
VC,  2021-02-10,  1033,  550,  0,  96,  0,  387, 376181, 376181
VC,  2021-02-10,  1033,  550,  0,  96,  0,  387, 376181, 376181
VC,  2021-02-11,  977,  529,  0,  87,  0,  361, 377158, 377158
VC,  2021-02-11,  977,  529,  0,  87,  0,  361, 377158, 377158
VC,  2021-02-12,  888,  478,  0,  81,  0,  329, 378046, 378046
VC,  2021-02-12,  888,  478,  0,  81,  0,  329, 378046, 378046
VC,  2021-02-13,  636,  332,  0,  65,  0,  239, 378682, 378682
VC,  2021-02-13,  636,  332,  0,  65,  0,  239, 378682, 378682
VC,  2021-02-14,  395,  179,  0,  67,  0,  149, 379077, 379077
VC,  2021-02-14,  395,  179,  0,  67,  0,  149, 379077, 379077
VC,  2021-02-15,  668,  348,  0,  79,  0,  241, 379745, 379745
VC,  2021-02-15,  668,  348,  0,  79,  0,  241, 379745, 379745
VC,  2021-02-16,  609,  354,  0,  67,  0,  188, 380354, 380354
VC,  2021-02-16,  609,  354,  0,  67,  0,  188, 380354, 380354
VC,  2021-02-17,  519,  295,  0,  56,  0,  168, 380873, 380873
VC,  2021-02-17,  519,  295,  0,  56,  0,  168, 380873, 380873
VC,  2021-02-18,  407,  224,  0,  47,  0,  136, 381280, 381280
VC,  2021-02-18,  407,  224,  0,  47,  0,  136, 381280, 381280
VC,  2021-02-19,  424,  226,  0,  53,  0,  145, 381704, 381704
VC,  2021-02-19,  424,  226,  0,  53,  0,  145, 381704, 381704
VC,  2021-02-20,  352,  196,  0,  36,  0,  120, 382056, 382056
VC,  2021-02-20,  352,  196,  0,  36,  0,  120, 382056, 382056
VC,  2021-02-21,  225,  125,  0,  35,  0,  65, 382281, 382281
VC,  2021-02-21,  225,  125,  0,  35,  0,  65, 382281, 382281
VC,  2021-02-22,  326,  177,  0,  56,  0,  93, 382607, 382607
VC,  2021-02-22,  326,  177,  0,  56,  0,  93, 382607, 382607
VC,  2021-02-23,  348,  233,  0,  34,  0,  81, 382955, 382955
VC,  2021-02-23,  348,  233,  0,  34,  0,  81, 382955, 382955
VC,  2021-02-24,  286,  172,  0,  39,  0,  75, 383241, 383241
VC,  2021-02-24,  286,  172,  0,  39,  0,  75, 383241, 383241
VC,  2021-02-25,  285,  170,  0,  33,  0,  82, 383526, 383526
VC,  2021-02-25,  285,  170,  0,  33,  0,  82, 383526, 383526
VC,  2021-02-26,  289,  182,  0,  41,  0,  66, 383815, 383815
VC,  2021-02-26,  289,  182,  0,  41,  0,  66, 383815, 383815
VC,  2021-02-27,  177,  118,  0,  27,  0,  32, 383992, 383992
VC,  2021-02-27,  177,  118,  0,  27,  0,  32, 383992, 383992
VC,  2021-02-28,  143,  90,  0,  32,  0,  21, 384135, 384135
VC,  2021-02-28,  143,  90,  0,  32,  0,  21, 384135, 384135
VC,  2021-03-01,  245,  161,  0,  38,  0,  46, 384380, 384380
VC,  2021-03-01,  245,  161,  0,  38,  0,  46, 384380, 384380
VC,  2021-03-02,  209,  133,  0,  28,  0,  48, 384589, 384589
VC,  2021-03-02,  209,  133,  0,  28,  0,  48, 384589, 384589
VC,  2021-03-03,  266,  189,  0,  32,  0,  45, 384855, 384855
VC,  2021-03-03,  266,  189,  0,  32,  0,  45, 384855, 384855
VC,  2021-03-04,  184,  126,  0,  22,  0,  36, 385039, 385039
VC,  2021-03-04,  184,  126,  0,  22,  0,  36, 385039, 385039
VC,  2021-03-05,  177,  118,  0,  26,  0,  33, 385216, 385216
VC,  2021-03-05,  177,  118,  0,  26,  0,  33, 385216, 385216
VC,  2021-03-06,  152,  106,  0,  21,  0,  25, 385368, 385368
VC,  2021-03-06,  152,  106,  0,  21,  0,  25, 385368, 385368
VC,  2021-03-07,  116,  69,  0,  20,  0,  27, 385484, 385484
VC,  2021-03-07,  116,  69,  0,  20,  0,  27, 385484, 385484
VC,  2021-03-08,  138,  96,  0,  18,  0,  24, 385622, 385622
VC,  2021-03-08,  138,  96,  0,  18,  0,  24, 385622, 385622
VC,  2021-03-09,  156,  89,  0,  27,  0,  40, 385778, 385778
VC,  2021-03-09,  156,  89,  0,  27,  0,  40, 385778, 385778
VC,  2021-03-10,  140,  86,  0,  23,  0,  31, 385918, 385918
VC,  2021-03-10,  140,  86,  0,  23,  0,  31, 385918, 385918
VC,  2021-03-11,  155,  96,  0,  32,  0,  27, 386073, 386073
VC,  2021-03-11,  155,  96,  0,  32,  0,  27, 386073, 386073
VC,  2021-03-12,  134,  91,  0,  16,  0,  27, 386207, 386207
VC,  2021-03-12,  134,  91,  0,  16,  0,  27, 386207, 386207
VC,  2021-03-13,  90,  56,  0,  17,  0,  17, 386297, 386297
VC,  2021-03-13,  90,  56,  0,  17,  0,  17, 386297, 386297
VC,  2021-03-14,  70,  45,  0,  15,  0,  10, 386367, 386367
VC,  2021-03-14,  70,  45,  0,  15,  0,  10, 386367, 386367
VC,  2021-03-15,  138,  85,  0,  20,  0,  33, 386505, 386505
VC,  2021-03-15,  138,  85,  0,  20,  0,  33, 386505, 386505
VC,  2021-03-16,  127,  79,  0,  21,  0,  27, 386632, 386632
VC,  2021-03-16,  127,  79,  0,  21,  0,  27, 386632, 386632
VC,  2021-03-17,  120,  72,  0,  22,  0,  26, 386752, 386752
VC,  2021-03-17,  120,  72,  0,  22,  0,  26, 386752, 386752
VC,  2021-03-18,  116,  74,  0,  19,  0,  23, 386868, 386868
VC,  2021-03-18,  116,  74,  0,  19,  0,  23, 386868, 386868
VC,  2021-03-19,  87,  42,  0,  18,  0,  27, 386955, 386955
VC,  2021-03-19,  87,  42,  0,  18,  0,  27, 386955, 386955
VC,  2021-03-20,  96,  56,  0,  17,  0,  23, 387051, 387051
VC,  2021-03-20,  96,  56,  0,  17,  0,  23, 387051, 387051
VC,  2021-03-21,  96,  55,  0,  24,  0,  17, 387147, 387147
VC,  2021-03-21,  96,  55,  0,  24,  0,  17, 387147, 387147
VC,  2021-03-22,  132,  78,  0,  31,  0,  23, 387279, 387279
VC,  2021-03-22,  132,  78,  0,  31,  0,  23, 387279, 387279
VC,  2021-03-23,  133,  91,  0,  23,  0,  19, 387412, 387412
VC,  2021-03-23,  133,  91,  0,  23,  0,  19, 387412, 387412
VC,  2021-03-24,  149,  96,  0,  28,  0,  25, 387561, 387561
VC,  2021-03-24,  149,  96,  0,  28,  0,  25, 387561, 387561
VC,  2021-03-25,  137,  94,  0,  27,  0,  16, 387698, 387698
VC,  2021-03-25,  137,  94,  0,  27,  0,  16, 387698, 387698
VC,  2021-03-26,  155,  99,  0,  25,  0,  31, 387853, 387853
VC,  2021-03-26,  155,  99,  0,  25,  0,  31, 387853, 387853
VC,  2021-03-27,  107,  57,  0,  23,  0,  27, 387960, 387960
VC,  2021-03-27,  107,  57,  0,  23,  0,  27, 387960, 387960
VC,  2021-03-28,  80,  48,  0,  27,  0,  5, 388040, 388040
VC,  2021-03-28,  80,  48,  0,  27,  0,  5, 388040, 388040
VC,  2021-03-29,  171,  115,  0,  35,  0,  21, 388211, 388211
VC,  2021-03-29,  171,  115,  0,  35,  0,  21, 388211, 388211
VC,  2021-03-30,  146,  97,  0,  24,  0,  25, 388357, 388357
VC,  2021-03-30,  146,  97,  0,  24,  0,  25, 388357, 388357
VC,  2021-03-31,  137,  88,  0,  29,  0,  20, 388494, 388494
VC,  2021-03-31,  137,  88,  0,  29,  0,  20, 388494, 388494
VC,  2021-04-01,  166,  117,  0,  31,  0,  18, 388660, 388660
VC,  2021-04-01,  166,  117,  0,  31,  0,  18, 388660, 388660
VC,  2021-04-02,  122,  88,  0,  25,  0,  9, 388782, 388782
VC,  2021-04-02,  122,  88,  0,  25,  0,  9, 388782, 388782
VC,  2021-04-03,  129,  88,  0,  34,  0,  7, 388911, 388911
VC,  2021-04-03,  129,  88,  0,  34,  0,  7, 388911, 388911
VC,  2021-04-04,  131,  86,  0,  29,  0,  16, 389042, 389042
VC,  2021-04-04,  131,  86,  0,  29,  0,  16, 389042, 389042
VC,  2021-04-05,  150,  92,  0,  41,  0,  17, 389192, 389192
VC,  2021-04-05,  150,  92,  0,  41,  0,  17, 389192, 389192
VC,  2021-04-06,  144,  92,  0,  36,  0,  16, 389336, 389336
VC,  2021-04-06,  144,  92,  0,  36,  0,  16, 389336, 389336
VC,  2021-04-07,  158,  117,  0,  31,  0,  10, 389494, 389494
VC,  2021-04-07,  158,  117,  0,  31,  0,  10, 389494, 389494
VC,  2021-04-08,  163,  109,  0,  42,  0,  12, 389657, 389657
VC,  2021-04-08,  163,  109,  0,  42,  0,  12, 389657, 389657
VC,  2021-04-09,  166,  105,  0,  41,  0,  20, 389823, 389823
VC,  2021-04-09,  166,  105,  0,  41,  0,  20, 389823, 389823
VC,  2021-04-10,  124,  95,  0,  20,  0,  9, 389947, 389947
VC,  2021-04-10,  124,  95,  0,  20,  0,  9, 389947, 389947
VC,  2021-04-11,  109,  69,  0,  25,  0,  15, 390056, 390056
VC,  2021-04-11,  109,  69,  0,  25,  0,  15, 390056, 390056
VC,  2021-04-12,  146,  90,  0,  45,  0,  11, 390202, 390202
VC,  2021-04-12,  146,  90,  0,  45,  0,  11, 390202, 390202
VC,  2021-04-13,  136,  89,  0,  34,  0,  13, 390338, 390338
VC,  2021-04-13,  136,  89,  0,  34,  0,  13, 390338, 390338
VC,  2021-04-14,  166,  115,  0,  35,  0,  16, 390504, 390504
VC,  2021-04-14,  166,  115,  0,  35,  0,  16, 390504, 390504
VC,  2021-04-15,  176,  117,  0,  43,  0,  16, 390680, 390680
VC,  2021-04-15,  176,  117,  0,  43,  0,  16, 390680, 390680
VC,  2021-04-16,  153,  106,  0,  34,  0,  13, 390833, 390833
VC,  2021-04-16,  153,  106,  0,  34,  0,  13, 390833, 390833
VC,  2021-04-17,  139,  108,  0,  28,  0,  3, 390972, 390972
VC,  2021-04-17,  139,  108,  0,  28,  0,  3, 390972, 390972
VC,  2021-04-18,  150,  102,  0,  37,  0,  11, 391122, 391122
VC,  2021-04-18,  150,  102,  0,  37,  0,  11, 391122, 391122
VC,  2021-04-19,  178,  106,  0,  54,  0,  18, 391300, 391300
VC,  2021-04-19,  178,  106,  0,  54,  0,  18, 391300, 391300
VC,  2021-04-20,  210,  155,  0,  44,  0,  11, 391510, 391510
VC,  2021-04-20,  210,  155,  0,  44,  0,  11, 391510, 391510
VC,  2021-04-21,  197,  138,  0,  46,  0,  13, 391707, 391707
VC,  2021-04-21,  197,  138,  0,  46,  0,  13, 391707, 391707
VC,  2021-04-22,  186,  138,  0,  33,  0,  15, 391893, 391893
VC,  2021-04-22,  186,  138,  0,  33,  0,  15, 391893, 391893
VC,  2021-04-23,  198,  159,  0,  23,  0,  16, 392091, 392091
VC,  2021-04-23,  198,  159,  0,  23,  0,  16, 392091, 392091
VC,  2021-04-24,  146,  101,  0,  31,  0,  14, 392237, 392237
VC,  2021-04-24,  146,  101,  0,  31,  0,  14, 392237, 392237
VC,  2021-04-25,  105,  76,  0,  20,  0,  9, 392342, 392342
VC,  2021-04-25,  105,  76,  0,  20,  0,  9, 392342, 392342
VC,  2021-04-26,  159,  116,  0,  34,  0,  9, 392501, 392501
VC,  2021-04-26,  159,  116,  0,  34,  0,  9, 392501, 392501
VC,  2021-04-27,  129,  96,  0,  25,  0,  8, 392630, 392630
VC,  2021-04-27,  129,  96,  0,  25,  0,  8, 392630, 392630
VC,  2021-04-28,  148,  100,  0,  32,  0,  16, 392778, 392778
VC,  2021-04-28,  148,  100,  0,  32,  0,  16, 392778, 392778
VC,  2021-04-29,  139,  96,  0,  30,  0,  13, 392917, 392917
VC,  2021-04-29,  139,  96,  0,  30,  0,  13, 392917, 392917
VC,  2021-04-30,  140,  105,  0,  24,  0,  11, 393057, 393057
VC,  2021-04-30,  140,  105,  0,  24,  0,  11, 393057, 393057
VC,  2021-05-01,  127,  88,  0,  30,  0,  9, 393184, 393184
VC,  2021-05-01,  127,  88,  0,  30,  0,  9, 393184, 393184
VC,  2021-05-02,  81,  47,  0,  31,  0,  3, 393265, 393265
VC,  2021-05-02,  81,  47,  0,  31,  0,  3, 393265, 393265
VC,  2021-05-03,  139,  89,  0,  42,  0,  8, 393404, 393404
VC,  2021-05-03,  139,  89,  0,  42,  0,  8, 393404, 393404
VC,  2021-05-04,  115,  82,  0,  23,  0,  10, 393519, 393519
VC,  2021-05-04,  115,  82,  0,  23,  0,  10, 393519, 393519
VC,  2021-05-05,  136,  92,  0,  35,  0,  9, 393655, 393655
VC,  2021-05-05,  136,  92,  0,  35,  0,  9, 393655, 393655
VC,  2021-05-06,  123,  92,  0,  23,  0,  8, 393778, 393778
VC,  2021-05-06,  123,  92,  0,  23,  0,  8, 393778, 393778
VC,  2021-05-07,  98,  65,  0,  23,  0,  10, 393876, 393876
VC,  2021-05-07,  98,  65,  0,  23,  0,  10, 393876, 393876
VC,  2021-05-08,  123,  87,  0,  18,  0,  18, 393999, 393999
VC,  2021-05-08,  123,  87,  0,  18,  0,  18, 393999, 393999
VC,  2021-05-09,  78,  47,  0,  22,  0,  9, 394077, 394077
VC,  2021-05-09,  78,  47,  0,  22,  0,  9, 394077, 394077
VC,  2021-05-10,  121,  85,  0,  25,  0,  11, 394198, 394198
VC,  2021-05-10,  121,  85,  0,  25,  0,  11, 394198, 394198
VC,  2021-05-11,  113,  77,  0,  26,  0,  10, 394311, 394311
VC,  2021-05-11,  113,  77,  0,  26,  0,  10, 394311, 394311
VC,  2021-05-12,  124,  85,  0,  24,  0,  15, 394435, 394435
VC,  2021-05-12,  124,  85,  0,  24,  0,  15, 394435, 394435
VC,  2021-05-13,  109,  70,  0,  29,  0,  10, 394544, 394544
VC,  2021-05-13,  109,  70,  0,  29,  0,  10, 394544, 394544
VC,  2021-05-14,  118,  83,  0,  23,  0,  12, 394662, 394662
VC,  2021-05-14,  118,  83,  0,  23,  0,  12, 394662, 394662
VC,  2021-05-15,  107,  68,  0,  30,  0,  9, 394769, 394769
VC,  2021-05-15,  107,  68,  0,  30,  0,  9, 394769, 394769
VC,  2021-05-16,  89,  54,  0,  29,  0,  6, 394858, 394858
VC,  2021-05-16,  89,  54,  0,  29,  0,  6, 394858, 394858
VC,  2021-05-17,  162,  117,  0,  36,  0,  9, 395020, 395020
VC,  2021-05-17,  162,  117,  0,  36,  0,  9, 395020, 395020
VC,  2021-05-18,  137,  93,  0,  34,  0,  10, 395157, 395157
VC,  2021-05-18,  137,  93,  0,  34,  0,  10, 395157, 395157
VC,  2021-05-19,  151,  87,  0,  42,  0,  22, 395308, 395308
VC,  2021-05-19,  151,  87,  0,  42,  0,  22, 395308, 395308
VC,  2021-05-20,  126,  80,  0,  32,  0,  14, 395434, 395434
VC,  2021-05-20,  126,  80,  0,  32,  0,  14, 395434, 395434
VC,  2021-05-21,  126,  82,  0,  28,  0,  16, 395560, 395560
VC,  2021-05-21,  126,  82,  0,  28,  0,  16, 395560, 395560
VC,  2021-05-22,  124,  75,  0,  33,  0,  16, 395684, 395684
VC,  2021-05-22,  124,  75,  0,  33,  0,  16, 395684, 395684
VC,  2021-05-23,  105,  62,  0,  33,  0,  10, 395789, 395789
VC,  2021-05-23,  105,  62,  0,  33,  0,  10, 395789, 395789
VC,  2021-05-24,  181,  113,  0,  44,  0,  24, 395970, 395970
VC,  2021-05-24,  181,  113,  0,  44,  0,  24, 395970, 395970
VC,  2021-05-25,  172,  101,  0,  48,  0,  23, 396142, 396142
VC,  2021-05-25,  172,  101,  0,  48,  0,  23, 396142, 396142
VC,  2021-05-26,  178,  86,  0,  58,  0,  34, 396320, 396320
VC,  2021-05-26,  178,  86,  0,  58,  0,  34, 396320, 396320
VC,  2021-05-27,  145,  92,  0,  31,  0,  22, 396465, 396465
VC,  2021-05-27,  145,  92,  0,  31,  0,  22, 396465, 396465
VC,  2021-05-28,  167,  93,  0,  49,  0,  25, 396632, 396632
VC,  2021-05-28,  167,  93,  0,  49,  0,  25, 396632, 396632
VC,  2021-05-29,  117,  65,  0,  35,  0,  17, 396749, 396749
VC,  2021-05-29,  117,  65,  0,  35,  0,  17, 396749, 396749
VC,  2021-05-30,  104,  58,  0,  33,  0,  13, 396853, 396853
VC,  2021-05-30,  104,  58,  0,  33,  0,  13, 396853, 396853
VC,  2021-05-31,  198,  129,  0,  42,  0,  27, 397051, 397051
VC,  2021-05-31,  198,  129,  0,  42,  0,  27, 397051, 397051
VC,  2021-06-01,  200,  118,  0,  48,  0,  34, 397251, 397251
VC,  2021-06-01,  200,  118,  0,  48,  0,  34, 397251, 397251
VC,  2021-06-02,  189,  119,  0,  39,  0,  31, 397440, 397440
VC,  2021-06-02,  189,  119,  0,  39,  0,  31, 397440, 397440
VC,  2021-06-03,  171,  99,  0,  31,  0,  41, 397611, 397611
VC,  2021-06-03,  171,  99,  0,  31,  0,  41, 397611, 397611
VC,  2021-06-04,  173,  86,  0,  29,  0,  58, 397784, 397784
VC,  2021-06-04,  173,  86,  0,  29,  0,  58, 397784, 397784
VC,  2021-06-05,  140,  60,  0,  29,  0,  51, 397924, 397924
VC,  2021-06-05,  140,  60,  0,  29,  0,  51, 397924, 397924
VC,  2021-06-06,  112,  39,  0,  18,  0,  55, 398036, 398036
VC,  2021-06-06,  112,  39,  0,  18,  0,  55, 398036, 398036
VC,  2021-06-07,  163,  60,  0,  25,  0,  78, 398199, 398199
VC,  2021-06-07,  163,  60,  0,  25,  0,  78, 398199, 398199
VC,  2021-06-08,  185,  64,  0,  37,  0,  84, 398384, 398384
VC,  2021-06-08,  185,  64,  0,  37,  0,  84, 398384, 398384
VC,  2021-06-09,  166,  59,  0,  28,  0,  79, 398550, 398550
VC,  2021-06-09,  166,  59,  0,  28,  0,  79, 398550, 398550
VC,  2021-06-10,  177,  53,  0,  30,  0,  94, 398727, 398727
VC,  2021-06-10,  177,  53,  0,  30,  0,  94, 398727, 398727
VC,  2021-06-11,  149,  54,  0,  25,  0,  70, 398876, 398876
VC,  2021-06-11,  149,  54,  0,  25,  0,  70, 398876, 398876
VC,  2021-06-12,  162,  57,  0,  20,  0,  85, 399038, 399038
VC,  2021-06-12,  162,  57,  0,  20,  0,  85, 399038, 399038
VC,  2021-06-13,  135,  54,  0,  17,  0,  64, 399173, 399173
VC,  2021-06-13,  135,  54,  0,  17,  0,  64, 399173, 399173
VC,  2021-06-14,  230,  84,  0,  36,  0,  110, 399403, 399403
VC,  2021-06-14,  230,  84,  0,  36,  0,  110, 399403, 399403
VC,  2021-06-15,  199,  61,  0,  36,  0,  102, 399602, 399602
VC,  2021-06-15,  199,  61,  0,  36,  0,  102, 399602, 399602
VC,  2021-06-16,  205,  69,  0,  29,  0,  107, 399807, 399807
VC,  2021-06-16,  205,  69,  0,  29,  0,  107, 399807, 399807
VC,  2021-06-17,  241,  81,  0,  28,  0,  132, 400048, 400048
VC,  2021-06-17,  241,  81,  0,  28,  0,  132, 400048, 400048
VC,  2021-06-18,  299,  101,  0,  50,  0,  148, 400347, 400347
VC,  2021-06-18,  299,  101,  0,  50,  0,  148, 400347, 400347
VC,  2021-06-19,  256,  83,  0,  38,  0,  135, 400603, 400603
VC,  2021-06-19,  256,  83,  0,  38,  0,  135, 400603, 400603
VC,  2021-06-20,  260,  68,  0,  36,  0,  156, 400863, 400863
VC,  2021-06-20,  260,  68,  0,  36,  0,  156, 400863, 400863
VC,  2021-06-21,  484,  132,  0,  74,  0,  278, 401347, 401347
VC,  2021-06-21,  484,  132,  0,  74,  0,  278, 401347, 401347
VC,  2021-06-22,  584,  156,  0,  91,  0,  337, 401931, 401931
VC,  2021-06-22,  584,  156,  0,  91,  0,  337, 401931, 401931
VC,  2021-06-23,  635,  189,  0,  101,  0,  345, 402566, 402566
VC,  2021-06-23,  635,  189,  0,  101,  0,  345, 402566, 402566
VC,  2021-06-24,  505,  140,  0,  100,  0,  265, 403071, 403071
VC,  2021-06-24,  505,  140,  0,  100,  0,  265, 403071, 403071
VC,  2021-06-25,  722,  205,  0,  119,  0,  398, 403793, 403793
VC,  2021-06-25,  722,  205,  0,  119,  0,  398, 403793, 403793
VC,  2021-06-26,  863,  271,  0,  134,  0,  458, 404656, 404656
VC,  2021-06-26,  863,  271,  0,  134,  0,  458, 404656, 404656
VC,  2021-06-27,  764,  157,  0,  153,  0,  454, 405420, 405420
VC,  2021-06-27,  764,  157,  0,  153,  0,  454, 405420, 405420
VC,  2021-06-28,  1401,  392,  0,  211,  0,  798, 406821, 406821
VC,  2021-06-28,  1401,  392,  0,  211,  0,  798, 406821, 406821
VC,  2021-06-29,  1528,  420,  0,  252,  0,  856, 408349, 408349
VC,  2021-06-29,  1528,  420,  0,  252,  0,  856, 408349, 408349
VC,  2021-06-30,  1432,  407,  0,  199,  0,  826, 409781, 409781
VC,  2021-06-30,  1432,  407,  0,  199,  0,  826, 409781, 409781
VC,  2021-07-01,  1337,  424,  0,  186,  0,  727, 411118, 411118
VC,  2021-07-01,  1337,  424,  0,  186,  0,  727, 411118, 411118
VC,  2021-07-02,  1533,  529,  0,  198,  0,  806, 412651, 412651
VC,  2021-07-02,  1533,  529,  0,  198,  0,  806, 412651, 412651
VC,  2021-07-03,  1305,  446,  0,  187,  0,  672, 413956, 413956
VC,  2021-07-03,  1305,  446,  0,  187,  0,  672, 413956, 413956
VC,  2021-07-04,  1084,  315,  0,  213,  0,  556, 415040, 415040
VC,  2021-07-04,  1084,  315,  0,  213,  0,  556, 415040, 415040
VC,  2021-07-05,  1839,  602,  0,  314,  0,  923, 416879, 416879
VC,  2021-07-05,  1839,  602,  0,  314,  0,  923, 416879, 416879
VC,  2021-07-06,  1998,  626,  0,  341,  0,  1031, 418877, 418877
VC,  2021-07-06,  1998,  626,  0,  341,  0,  1031, 418877, 418877
VC,  2021-07-07,  2006,  657,  0,  336,  0,  1013, 420883, 420883
VC,  2021-07-07,  2006,  657,  0,  336,  0,  1013, 420883, 420883
VC,  2021-07-08,  1912,  660,  0,  312,  0,  940, 422795, 422795
VC,  2021-07-08,  1912,  660,  0,  312,  0,  940, 422795, 422795
VC,  2021-07-09,  2300,  766,  0,  413,  0,  1121, 425095, 425095
VC,  2021-07-09,  2300,  766,  0,  413,  0,  1121, 425095, 425095
VC,  2021-07-10,  2061,  618,  0,  450,  0,  993, 427156, 427156
VC,  2021-07-10,  2061,  618,  0,  450,  0,  993, 427156, 427156
VC,  2021-07-11,  1712,  480,  0,  410,  0,  822, 428868, 428868
VC,  2021-07-11,  1712,  480,  0,  410,  0,  822, 428868, 428868
VC,  2021-07-12,  2621,  904,  0,  581,  0,  1136, 431489, 431489
VC,  2021-07-12,  2621,  904,  0,  581,  0,  1136, 431489, 431489
VC,  2021-07-13,  2822,  994,  0,  527,  0,  1301, 434311, 434311
VC,  2021-07-13,  2822,  994,  0,  527,  0,  1301, 434311, 434311
VC,  2021-07-14,  2675,  954,  0,  559,  0,  1162, 436986, 436986
VC,  2021-07-14,  2675,  954,  0,  559,  0,  1162, 436986, 436986
VC,  2021-07-15,  2501,  917,  0,  528,  0,  1056, 439487, 439487
VC,  2021-07-15,  2501,  917,  0,  528,  0,  1056, 439487, 439487
VC,  2021-07-16,  2555,  984,  0,  514,  0,  1057, 442042, 442042
VC,  2021-07-16,  2555,  984,  0,  514,  0,  1057, 442042, 442042
VC,  2021-07-17,  2211,  794,  0,  490,  0,  927, 444253, 444253
VC,  2021-07-17,  2211,  794,  0,  490,  0,  927, 444253, 444253
VC,  2021-07-18,  1897,  595,  0,  498,  0,  804, 446150, 446150
VC,  2021-07-18,  1897,  595,  0,  498,  0,  804, 446150, 446150
VC,  2021-07-19,  2993,  1082,  0,  657,  0,  1254, 449143, 449143
VC,  2021-07-19,  2993,  1082,  0,  657,  0,  1254, 449143, 449143
VC,  2021-07-20,  2919,  1172,  0,  590,  0,  1157, 452062, 452062
VC,  2021-07-20,  2919,  1172,  0,  590,  0,  1157, 452062, 452062
VC,  2021-07-21,  2718,  1034,  0,  556,  0,  1128, 454780, 454780
VC,  2021-07-21,  2718,  1034,  0,  556,  0,  1128, 454780, 454780
VC,  2021-07-22,  2486,  1025,  0,  516,  0,  945, 457266, 457266
VC,  2021-07-22,  2486,  1025,  0,  516,  0,  945, 457266, 457266
VC,  2021-07-23,  2483,  997,  0,  458,  0,  1028, 459749, 459749
VC,  2021-07-23,  2483,  997,  0,  458,  0,  1028, 459749, 459749
VC,  2021-07-24,  1961,  707,  0,  441,  0,  813, 461710, 461710
VC,  2021-07-24,  1961,  707,  0,  441,  0,  813, 461710, 461710
VC,  2021-07-25,  1631,  562,  0,  367,  0,  702, 463341, 463341
VC,  2021-07-25,  1631,  562,  0,  367,  0,  702, 463341, 463341
VC,  2021-07-26,  2699,  978,  0,  542,  0,  1179, 466040, 466040
VC,  2021-07-26,  2699,  978,  0,  542,  0,  1179, 466040, 466040
VC,  2021-07-27,  2562,  1029,  0,  483,  0,  1050, 468602, 468602
VC,  2021-07-27,  2562,  1029,  0,  483,  0,  1050, 468602, 468602
VC,  2021-07-28,  2161,  828,  0,  421,  0,  912, 470763, 470763
VC,  2021-07-28,  2161,  828,  0,  421,  0,  912, 470763, 470763
VC,  2021-07-29,  1901,  807,  0,  341,  0,  753, 472664, 472664
VC,  2021-07-29,  1901,  807,  0,  341,  0,  753, 472664, 472664
VC,  2021-07-30,  1890,  779,  0,  340,  0,  771, 474554, 474554
VC,  2021-07-30,  1890,  779,  0,  340,  0,  771, 474554, 474554
VC,  2021-07-31,  1457,  578,  0,  314,  0,  565, 476011, 476011
VC,  2021-07-31,  1457,  578,  0,  314,  0,  565, 476011, 476011
VC,  2021-08-01,  1295,  478,  0,  300,  0,  517, 477306, 477306
VC,  2021-08-01,  1295,  478,  0,  300,  0,  517, 477306, 477306
VC,  2021-08-02,  1896,  861,  0,  312,  0,  723, 479202, 479202
VC,  2021-08-02,  1896,  861,  0,  312,  0,  723, 479202, 479202
VC,  2021-08-03,  1764,  705,  0,  338,  0,  721, 480966, 480966
VC,  2021-08-03,  1764,  705,  0,  338,  0,  721, 480966, 480966
VC,  2021-08-04,  1490,  620,  0,  291,  0,  579, 482456, 482456
VC,  2021-08-04,  1490,  620,  0,  291,  0,  579, 482456, 482456
VC,  2021-08-05,  1313,  560,  0,  207,  0,  546, 483769, 483769
VC,  2021-08-05,  1313,  560,  0,  207,  0,  546, 483769, 483769
VC,  2021-08-06,  1503,  658,  0,  238,  0,  607, 485272, 485272
VC,  2021-08-06,  1503,  658,  0,  238,  0,  607, 485272, 485272
VC,  2021-08-07,  1144,  445,  0,  224,  0,  475, 486416, 486416
VC,  2021-08-07,  1144,  445,  0,  224,  0,  475, 486416, 486416
VC,  2021-08-08,  886,  308,  0,  203,  0,  375, 487302, 487302
VC,  2021-08-08,  886,  308,  0,  203,  0,  375, 487302, 487302
VC,  2021-08-09,  1326,  559,  0,  222,  0,  545, 488628, 488628
VC,  2021-08-09,  1326,  559,  0,  222,  0,  545, 488628, 488628
VC,  2021-08-10,  1280,  556,  0,  246,  0,  478, 489908, 489908
VC,  2021-08-10,  1280,  556,  0,  246,  0,  478, 489908, 489908
VC,  2021-08-11,  1111,  483,  0,  214,  0,  414, 491019, 491019
VC,  2021-08-11,  1111,  483,  0,  214,  0,  414, 491019, 491019
VC,  2021-08-12,  972,  440,  0,  178,  0,  354, 491991, 491991
VC,  2021-08-12,  972,  440,  0,  178,  0,  354, 491991, 491991
VC,  2021-08-13,  1075,  519,  0,  199,  0,  357, 493066, 493066
VC,  2021-08-13,  1075,  519,  0,  199,  0,  357, 493066, 493066
VC,  2021-08-14,  774,  326,  0,  194,  0,  254, 493840, 493840
VC,  2021-08-14,  774,  326,  0,  194,  0,  254, 493840, 493840
VC,  2021-08-15,  660,  270,  0,  177,  0,  213, 494500, 494500
VC,  2021-08-15,  660,  270,  0,  177,  0,  213, 494500, 494500
VC,  2021-08-16,  1079,  478,  0,  259,  0,  342, 495579, 495579
VC,  2021-08-16,  1079,  478,  0,  259,  0,  342, 495579, 495579
VC,  2021-08-17,  932,  425,  0,  240,  0,  267, 496511, 496511
VC,  2021-08-17,  932,  425,  0,  240,  0,  267, 496511, 496511
VC,  2021-08-18,  882,  431,  0,  197,  0,  254, 497393, 497393
VC,  2021-08-18,  882,  431,  0,  197,  0,  254, 497393, 497393
VC,  2021-08-19,  752,  372,  0,  166,  0,  214, 498145, 498145
VC,  2021-08-19,  752,  372,  0,  166,  0,  214, 498145, 498145
VC,  2021-08-20,  820,  364,  0,  165,  0,  291, 498965, 498965
VC,  2021-08-20,  820,  364,  0,  165,  0,  291, 498965, 498965
VC,  2021-08-21,  610,  294,  0,  144,  0,  172, 499575, 499575
VC,  2021-08-21,  610,  294,  0,  144,  0,  172, 499575, 499575
VC,  2021-08-22,  502,  211,  0,  139,  0,  152, 500077, 500077
VC,  2021-08-22,  502,  211,  0,  139,  0,  152, 500077, 500077
VC,  2021-08-23,  794,  392,  0,  173,  0,  229, 500871, 500871
VC,  2021-08-23,  794,  392,  0,  173,  0,  229, 500871, 500871
VC,  2021-08-24,  610,  309,  0,  125,  0,  176, 501481, 501481
VC,  2021-08-24,  610,  309,  0,  125,  0,  176, 501481, 501481
VC,  2021-08-25,  599,  300,  0,  126,  0,  173, 502080, 502080
VC,  2021-08-25,  599,  300,  0,  126,  0,  173, 502080, 502080
VC,  2021-08-26,  548,  304,  0,  103,  0,  141, 502628, 502628
VC,  2021-08-26,  548,  304,  0,  103,  0,  141, 502628, 502628
VC,  2021-08-27,  502,  273,  0,  91,  0,  138, 503130, 503130
VC,  2021-08-27,  502,  273,  0,  91,  0,  138, 503130, 503130
VC,  2021-08-28,  359,  180,  0,  84,  0,  95, 503489, 503489
VC,  2021-08-28,  359,  180,  0,  84,  0,  95, 503489, 503489
VC,  2021-08-29,  275,  120,  0,  87,  0,  68, 503764, 503764
VC,  2021-08-29,  275,  120,  0,  87,  0,  68, 503764, 503764
VC,  2021-08-30,  471,  230,  0,  108,  0,  133, 504235, 504235
VC,  2021-08-30,  471,  230,  0,  108,  0,  133, 504235, 504235
VC,  2021-08-31,  407,  220,  0,  79,  0,  108, 504642, 504642
VC,  2021-08-31,  407,  220,  0,  79,  0,  108, 504642, 504642
VC,  2021-09-01,  432,  237,  0,  91,  0,  104, 505074, 505074
VC,  2021-09-01,  432,  237,  0,  91,  0,  104, 505074, 505074
VC,  2021-09-02,  293,  155,  0,  68,  0,  70, 505367, 505367
VC,  2021-09-02,  293,  155,  0,  68,  0,  70, 505367, 505367
VC,  2021-09-03,  287,  146,  0,  60,  0,  81, 505654, 505654
VC,  2021-09-03,  287,  146,  0,  60,  0,  81, 505654, 505654
VC,  2021-09-04,  217,  114,  0,  41,  0,  62, 505871, 505871
VC,  2021-09-04,  217,  114,  0,  41,  0,  62, 505871, 505871
VC,  2021-09-05,  166,  87,  0,  48,  0,  31, 506037, 506037
VC,  2021-09-05,  166,  87,  0,  48,  0,  31, 506037, 506037
VC,  2021-09-06,  278,  136,  0,  58,  0,  84, 506315, 506315
VC,  2021-09-06,  278,  136,  0,  58,  0,  84, 506315, 506315
VC,  2021-09-07,  261,  138,  0,  65,  0,  58, 506576, 506576
VC,  2021-09-07,  261,  138,  0,  65,  0,  58, 506576, 506576
VC,  2021-09-08,  229,  108,  0,  43,  0,  78, 506805, 506805
VC,  2021-09-08,  229,  108,  0,  43,  0,  78, 506805, 506805
VC,  2021-09-09,  216,  109,  0,  40,  0,  67, 507021, 507021
VC,  2021-09-09,  216,  109,  0,  40,  0,  67, 507021, 507021
VC,  2021-09-10,  276,  124,  0,  55,  0,  97, 507297, 507297
VC,  2021-09-10,  276,  124,  0,  55,  0,  97, 507297, 507297
VC,  2021-09-11,  176,  91,  0,  42,  0,  43, 507473, 507473
VC,  2021-09-11,  176,  91,  0,  42,  0,  43, 507473, 507473
VC,  2021-09-12,  151,  72,  0,  48,  0,  31, 507624, 507624
VC,  2021-09-12,  151,  72,  0,  48,  0,  31, 507624, 507624
VC,  2021-09-13,  224,  115,  0,  42,  0,  67, 507848, 507848
VC,  2021-09-13,  224,  115,  0,  42,  0,  67, 507848, 507848
VC,  2021-09-14,  237,  118,  0,  61,  0,  58, 508085, 508085
VC,  2021-09-14,  237,  118,  0,  61,  0,  58, 508085, 508085
VC,  2021-09-15,  202,  107,  0,  47,  0,  48, 508287, 508287
VC,  2021-09-15,  202,  107,  0,  47,  0,  48, 508287, 508287
VC,  2021-09-16,  206,  99,  0,  45,  0,  62, 508493, 508493
VC,  2021-09-16,  206,  99,  0,  45,  0,  62, 508493, 508493
VC,  2021-09-17,  205,  99,  0,  55,  0,  51, 508698, 508698
VC,  2021-09-17,  205,  99,  0,  55,  0,  51, 508698, 508698
VC,  2021-09-18,  171,  75,  0,  39,  0,  57, 508869, 508869
VC,  2021-09-18,  171,  75,  0,  39,  0,  57, 508869, 508869
VC,  2021-09-19,  138,  53,  0,  39,  0,  46, 509007, 509007
VC,  2021-09-19,  138,  53,  0,  39,  0,  46, 509007, 509007
VC,  2021-09-20,  224,  106,  0,  46,  0,  72, 509231, 509231
VC,  2021-09-20,  224,  106,  0,  46,  0,  72, 509231, 509231
VC,  2021-09-21,  168,  87,  0,  36,  0,  45, 509399, 509399
VC,  2021-09-21,  168,  87,  0,  36,  0,  45, 509399, 509399
VC,  2021-09-22,  195,  109,  0,  41,  0,  45, 509594, 509594
VC,  2021-09-22,  195,  109,  0,  41,  0,  45, 509594, 509594
VC,  2021-09-23,  151,  76,  0,  36,  0,  39, 509745, 509745
VC,  2021-09-23,  151,  76,  0,  36,  0,  39, 509745, 509745
VC,  2021-09-24,  178,  85,  0,  40,  0,  53, 509923, 509923
VC,  2021-09-24,  178,  85,  0,  40,  0,  53, 509923, 509923
VC,  2021-09-25,  144,  60,  0,  39,  0,  45, 510067, 510067
VC,  2021-09-25,  144,  60,  0,  39,  0,  45, 510067, 510067
VC,  2021-09-26,  125,  49,  0,  57,  0,  19, 510192, 510192
VC,  2021-09-26,  125,  49,  0,  57,  0,  19, 510192, 510192
VC,  2021-09-27,  180,  96,  0,  45,  0,  39, 510372, 510372
VC,  2021-09-27,  180,  96,  0,  45,  0,  39, 510372, 510372
VC,  2021-09-28,  156,  79,  0,  43,  0,  34, 510528, 510528
VC,  2021-09-28,  156,  79,  0,  43,  0,  34, 510528, 510528
VC,  2021-09-29,  168,  96,  0,  41,  0,  31, 510696, 510696
VC,  2021-09-29,  168,  96,  0,  41,  0,  31, 510696, 510696
VC,  2021-09-30,  151,  93,  0,  33,  0,  25, 510847, 510847
VC,  2021-09-30,  151,  93,  0,  33,  0,  25, 510847, 510847
VC,  2021-10-01,  138,  78,  0,  42,  0,  18, 510985, 510985
VC,  2021-10-01,  138,  78,  0,  42,  0,  18, 510985, 510985
VC,  2021-10-02,  103,  62,  0,  30,  0,  11, 511088, 511088
VC,  2021-10-02,  103,  62,  0,  30,  0,  11, 511088, 511088
VC,  2021-10-03,  104,  54,  0,  41,  0,  9, 511192, 511192
VC,  2021-10-03,  104,  54,  0,  41,  0,  9, 511192, 511192
VC,  2021-10-04,  141,  96,  0,  40,  0,  5, 511333, 511333
VC,  2021-10-04,  141,  96,  0,  40,  0,  5, 511333, 511333
VC,  2021-10-05,  136,  78,  0,  48,  0,  10, 511469, 511469
VC,  2021-10-05,  136,  78,  0,  48,  0,  10, 511469, 511469
VC,  2021-10-06,  121,  75,  0,  46,  0,  0, 511590, 511590
VC,  2021-10-06,  121,  75,  0,  46,  0,  0, 511590, 511590
VC,  2021-10-07,  129,  82,  0,  46,  0,  1, 511719, 511719
VC,  2021-10-07,  129,  82,  0,  46,  0,  1, 511719, 511719
VC,  2021-10-08,  155,  94,  0,  61,  0,  0, 511874, 511874
VC,  2021-10-08,  155,  94,  0,  61,  0,  0, 511874, 511874
VC,  2021-10-09,  123,  68,  0,  55,  0,  0, 511997, 511997
VC,  2021-10-09,  123,  68,  0,  55,  0,  0, 511997, 511997
VC,  2021-10-10,  134,  78,  0,  56,  0,  0, 512131, 512131
VC,  2021-10-10,  134,  78,  0,  56,  0,  0, 512131, 512131
VC,  2021-10-11,  215,  121,  0,  94,  0,  0, 512346, 512346
VC,  2021-10-11,  215,  121,  0,  94,  0,  0, 512346, 512346
VC,  2021-10-12,  168,  85,  0,  83,  0,  0, 512514, 512514
VC,  2021-10-12,  168,  85,  0,  83,  0,  0, 512514, 512514
VC,  2021-10-13,  228,  149,  0,  79,  0,  0, 512742, 512742
VC,  2021-10-13,  228,  149,  0,  79,  0,  0, 512742, 512742
VC,  2021-10-14,  190,  116,  0,  74,  0,  0, 512932, 512932
VC,  2021-10-14,  190,  116,  0,  74,  0,  0, 512932, 512932
VC,  2021-10-15,  190,  119,  0,  71,  0,  0, 513122, 513122
VC,  2021-10-15,  190,  119,  0,  71,  0,  0, 513122, 513122
VC,  2021-10-16,  175,  87,  0,  88,  0,  0, 513297, 513297
VC,  2021-10-16,  175,  87,  0,  88,  0,  0, 513297, 513297
VC,  2021-10-17,  157,  81,  0,  76,  0,  0, 513454, 513454
VC,  2021-10-17,  157,  81,  0,  76,  0,  0, 513454, 513454
VC,  2021-10-18,  250,  132,  0,  118,  0,  0, 513704, 513704
VC,  2021-10-18,  250,  132,  0,  118,  0,  0, 513704, 513704
VC,  2021-10-19,  228,  134,  0,  94,  0,  0, 513932, 513932
VC,  2021-10-19,  228,  134,  0,  94,  0,  0, 513932, 513932
VC,  2021-10-20,  236,  152,  0,  84,  0,  0, 514168, 514168
VC,  2021-10-20,  236,  152,  0,  84,  0,  0, 514168, 514168
VC,  2021-10-21,  206,  134,  0,  72,  0,  0, 514374, 514374
VC,  2021-10-21,  206,  134,  0,  72,  0,  0, 514374, 514374
VC,  2021-10-22,  276,  166,  0,  110,  0,  0, 514650, 514650
VC,  2021-10-22,  276,  166,  0,  110,  0,  0, 514650, 514650
VC,  2021-10-23,  198,  112,  0,  86,  0,  0, 514848, 514848
VC,  2021-10-23,  198,  112,  0,  86,  0,  0, 514848, 514848
VC,  2021-10-24,  181,  106,  0,  75,  0,  0, 515029, 515029
VC,  2021-10-24,  181,  106,  0,  75,  0,  0, 515029, 515029
VC,  ,  263,  160,  0,  103,  0,  0, 515292, 515292
VC,  ,  263,  160,  0,  103,  0,  0, 515292, 515292
VC,  2021-10-26,  291,  168,  0,  123,  0,  0, 515583, 515583
VC,  2021-10-26,  291,  168,  0,  123,  0,  0, 515583, 515583
VC,  2021-10-27,  246,  161,  0,  85,  0,  0, 515829, 515829
VC,  2021-10-27,  246,  161,  0,  85,  0,  0, 515829, 515829
VC,  2021-10-28,  264,  172,  0,  92,  0,  0, 516093, 516093
VC,  2021-10-28,  264,  172,  0,  92,  0,  0, 516093, 516093
VC,  2021-10-29,  260,  168,  0,  92,  0,  0, 516353, 516353
VC,  2021-10-29,  260,  168,  0,  92,  0,  0, 516353, 516353
VC,  2021-10-30,  263,  155,  0,  108,  0,  0, 516616, 516616
VC,  2021-10-30,  263,  155,  0,  108,  0,  0, 516616, 516616
VC,  2021-10-31,  188,  96,  0,  92,  0,  0, 516804, 516804
VC,  2021-10-31,  188,  96,  0,  92,  0,  0, 516804, 516804
VC,  2021-11-01,  294,  165,  0,  129,  0,  0, 517098, 517098
VC,  2021-11-01,  294,  165,  0,  129,  0,  0, 517098, 517098
VC,  2021-11-02,  362,  217,  0,  145,  0,  0, 517460, 517460
VC,  2021-11-02,  362,  217,  0,  145,  0,  0, 517460, 517460
VC,  2021-11-03,  395,  232,  0,  163,  0,  0, 517855, 517855
VC,  2021-11-03,  395,  232,  0,  163,  0,  0, 517855, 517855
VC,  2021-11-04,  313,  197,  0,  116,  0,  0, 518168, 518168
VC,  2021-11-04,  313,  197,  0,  116,  0,  0, 518168, 518168
VC,  2021-11-05,  392,  258,  0,  134,  0,  0, 518560, 518560
VC,  2021-11-05,  392,  258,  0,  134,  0,  0, 518560, 518560
VC,  2021-11-06,  317,  194,  0,  123,  0,  0, 518877, 518877
VC,  2021-11-06,  317,  194,  0,  123,  0,  0, 518877, 518877
VC,  2021-11-07,  282,  168,  0,  114,  0,  0, 519159, 519159
VC,  2021-11-07,  282,  168,  0,  114,  0,  0, 519159, 519159
VC,  2021-11-08,  506,  311,  0,  195,  0,  0, 519665, 519665
VC,  2021-11-08,  506,  311,  0,  195,  0,  0, 519665, 519665
VC,  2021-11-09,  489,  302,  0,  187,  0,  0, 520154, 520154
VC,  2021-11-09,  489,  302,  0,  187,  0,  0, 520154, 520154
VC,  2021-11-10,  511,  306,  0,  205,  0,  0, 520665, 520665
VC,  2021-11-10,  511,  306,  0,  205,  0,  0, 520665, 520665
VC,  2021-11-11,  509,  329,  0,  180,  0,  0, 521174, 521174
VC,  2021-11-11,  509,  329,  0,  180,  0,  0, 521174, 521174
VC,  2021-11-12,  600,  397,  0,  203,  0,  0, 521774, 521774
VC,  2021-11-12,  600,  397,  0,  203,  0,  0, 521774, 521774
VC,  2021-11-13,  522,  327,  0,  195,  0,  0, 522296, 522296
VC,  2021-11-13,  522,  327,  0,  195,  0,  0, 522296, 522296
VC,  2021-11-14,  476,  265,  0,  211,  0,  0, 522772, 522772
VC,  2021-11-14,  476,  265,  0,  211,  0,  0, 522772, 522772
VC,  2021-11-15,  794,  489,  0,  305,  0,  0, 523566, 523566
VC,  2021-11-15,  794,  489,  0,  305,  0,  0, 523566, 523566
VC,  2021-11-16,  682,  389,  0,  293,  0,  0, 524248, 524248
VC,  2021-11-16,  682,  389,  0,  293,  0,  0, 524248, 524248
VC,  2021-11-17,  705,  456,  0,  249,  0,  0, 524953, 524953
VC,  2021-11-17,  705,  456,  0,  249,  0,  0, 524953, 524953
VC,  2021-11-18,  719,  435,  0,  284,  0,  0, 525672, 525672
VC,  2021-11-18,  719,  435,  0,  284,  0,  0, 525672, 525672
VC,  2021-11-19,  856,  530,  0,  326,  0,  0, 526528, 526528
VC,  2021-11-19,  856,  530,  0,  326,  0,  0, 526528, 526528
VC,  2021-11-20,  827,  485,  0,  342,  0,  0, 527355, 527355
VC,  2021-11-20,  827,  485,  0,  342,  0,  0, 527355, 527355
VC,  2021-11-21,  647,  337,  0,  310,  0,  0, 528002, 528002
VC,  2021-11-21,  647,  337,  0,  310,  0,  0, 528002, 528002
VC,  2021-11-22,  1133,  658,  0,  475,  0,  0, 529135, 529135
VC,  2021-11-22,  1133,  658,  0,  475,  0,  0, 529135, 529135
VC,  2021-11-23,  1171,  730,  0,  441,  0,  0, 530306, 530306
VC,  2021-11-23,  1171,  730,  0,  441,  0,  0, 530306, 530306
VC,  2021-11-24,  1061,  696,  0,  365,  0,  0, 531367, 531367
VC,  2021-11-24,  1061,  696,  0,  365,  0,  0, 531367, 531367
VC,  2021-11-25,  1077,  699,  0,  378,  0,  0, 532444, 532444
VC,  2021-11-25,  1077,  699,  0,  378,  0,  0, 532444, 532444
VC,  2021-11-26,  1334,  867,  0,  467,  0,  0, 533778, 533778
VC,  2021-11-26,  1334,  867,  0,  467,  0,  0, 533778, 533778
VC,  2021-11-27,  1135,  695,  0,  440,  0,  0, 534913, 534913
VC,  2021-11-27,  1135,  695,  0,  440,  0,  0, 534913, 534913
VC,  2021-11-28,  915,  460,  0,  455,  0,  0, 535828, 535828
VC,  2021-11-28,  915,  460,  0,  455,  0,  0, 535828, 535828
VC,  2021-11-29,  1582,  926,  0,  656,  0,  0, 537410, 537410
VC,  2021-11-29,  1582,  926,  0,  656,  0,  0, 537410, 537410
VC,  2021-11-30,  1507,  882,  0,  625,  0,  0, 538917, 538917
VC,  2021-11-30,  1507,  882,  0,  625,  0,  0, 538917, 538917
VC,  2021-12-01,  1584,  965,  0,  619,  0,  0, 540501, 540501
VC,  2021-12-01,  1584,  965,  0,  619,  0,  0, 540501, 540501
VC,  2021-12-02,  1663,  1144,  0,  519,  0,  0, 542164, 542164
VC,  2021-12-02,  1663,  1144,  0,  519,  0,  0, 542164, 542164
VC,  2021-12-03,  1935,  1200,  0,  735,  0,  0, 544099, 544099
VC,  2021-12-03,  1935,  1200,  0,  735,  0,  0, 544099, 544099
VC,  2021-12-04,  1896,  1183,  0,  713,  0,  0, 545995, 545995
VC,  2021-12-04,  1896,  1183,  0,  713,  0,  0, 545995, 545995
VC,  2021-12-05,  1214,  609,  0,  605,  0,  0, 547209, 547209
VC,  2021-12-05,  1214,  609,  0,  605,  0,  0, 547209, 547209
VC,  2021-12-06,  1607,  857,  0,  750,  0,  0, 548816, 548816
VC,  2021-12-06,  1607,  857,  0,  750,  0,  0, 548816, 548816
VC,  2021-12-07,  2534,  1576,  0,  958,  0,  0, 551350, 551350
VC,  2021-12-07,  2534,  1576,  0,  958,  0,  0, 551350, 551350
VC,  2021-12-08,  1975,  1017,  0,  958,  0,  0, 553325, 553325
VC,  2021-12-08,  1975,  1017,  0,  958,  0,  0, 553325, 553325
VC,  2021-12-09,  2859,  1701,  0,  1158,  0,  0, 556184, 556184
VC,  2021-12-09,  2859,  1701,  0,  1158,  0,  0, 556184, 556184
VC,  2021-12-10,  3304,  2040,  0,  1264,  0,  0, 559488, 559488
VC,  2021-12-10,  3304,  2040,  0,  1264,  0,  0, 559488, 559488
VC,  2021-12-11,  2582,  1394,  0,  1188,  0,  0, 562070, 562070
VC,  2021-12-11,  2582,  1394,  0,  1188,  0,  0, 562070, 562070
VC,  2021-12-12,  1994,  986,  0,  1008,  0,  0, 564064, 564064
VC,  2021-12-12,  1994,  986,  0,  1008,  0,  0, 564064, 564064
VC,  2021-12-13,  3550,  2075,  0,  1475,  0,  0, 567614, 567614
VC,  2021-12-13,  3550,  2075,  0,  1475,  0,  0, 567614, 567614
VC,  2021-12-14,  3604,  2114,  0,  1490,  0,  0, 571218, 571218
VC,  2021-12-14,  3604,  2114,  0,  1490,  0,  0, 571218, 571218
VC,  2021-12-15,  3542,  2175,  0,  1367,  0,  0, 574760, 574760
VC,  2021-12-15,  3542,  2175,  0,  1367,  0,  0, 574760, 574760
VC,  2021-12-16,  3608,  2240,  0,  1368,  0,  0, 578368, 578368
VC,  2021-12-16,  3608,  2240,  0,  1368,  0,  0, 578368, 578368
VC,  2021-12-17,  4507,  2761,  0,  1746,  0,  0, 582875, 582875
VC,  2021-12-17,  4507,  2761,  0,  1746,  0,  0, 582875, 582875
VC,  2021-12-18,  3522,  2049,  0,  1473,  0,  0, 586397, 586397
VC,  2021-12-18,  3522,  2049,  0,  1473,  0,  0, 586397, 586397
VC,  2021-12-19,  2463,  1160,  0,  1303,  0,  0, 588860, 588860
VC,  2021-12-19,  2463,  1160,  0,  1303,  0,  0, 588860, 588860
VC,  2021-12-20,  5129,  2815,  0,  2314,  0,  0, 593989, 593989
VC,  2021-12-20,  5129,  2815,  0,  2314,  0,  0, 593989, 593989
VC,  2021-12-21,  5802,  3255,  0,  2547,  0,  0, 599791, 599791
VC,  2021-12-21,  5802,  3255,  0,  2547,  0,  0, 599791, 599791
VC,  2021-12-22,  7058,  3986,  0,  3072,  0,  0, 606849, 606849
VC,  2021-12-22,  7058,  3986,  0,  3072,  0,  0, 606849, 606849
VC,  2021-12-23,  7769,  4510,  0,  3259,  0,  0, 614618, 614618
VC,  2021-12-23,  7769,  4510,  0,  3259,  0,  0, 614618, 614618
VC,  2021-12-24,  5861,  2975,  0,  2886,  0,  0, 620479, 620479
VC,  2021-12-24,  5861,  2975,  0,  2886,  0,  0, 620479, 620479
VC,  2021-12-25,  4638,  2004,  0,  2634,  0,  0, 625117, 625117
VC,  2021-12-25,  4638,  2004,  0,  2634,  0,  0, 625117, 625117
VC,  2021-12-26,  5074,  1848,  0,  3226,  0,  0, 630191, 630191
VC,  2021-12-26,  5074,  1848,  0,  3226,  0,  0, 630191, 630191
VC,  2021-12-27,  11041,  5065,  0,  5976,  0,  0, 641232, 641232
VC,  2021-12-27,  11041,  5065,  0,  5976,  0,  0, 641232, 641232
VC,  2021-12-28,  11216,  5403,  0,  5813,  0,  0, 652448, 652448
VC,  2021-12-28,  11216,  5403,  0,  5813,  0,  0, 652448, 652448
VC,  2021-12-29,  13597,  6793,  0,  6804,  0,  0, 666045, 666045
VC,  2021-12-29,  13597,  6793,  0,  6804,  0,  0, 666045, 666045
VC,  2021-12-30,  15029,  7869,  0,  7160,  0,  0, 681074, 681074
VC,  2021-12-30,  15029,  7869,  0,  7160,  0,  0, 681074, 681074
VC,  2021-12-31,  8839,  3935,  0,  4904,  0,  0, 689913, 689913
VC,  2021-12-31,  8839,  3935,  0,  4904,  0,  0, 689913, 689913
VC,  2022-01-01,  6429,  2074,  0,  4355,  0,  0, 696342, 696342
VC,  2022-01-01,  6429,  2074,  0,  4355,  0,  0, 696342, 696342
VC,  2022-01-02,  7230,  1998,  0,  5232,  0,  0, 703572, 703572
VC,  2022-01-02,  7230,  1998,  0,  5232,  0,  0, 703572, 703572
VC,  2022-01-03,  15722,  6032,  0,  9690,  0,  0, 719294, 719294
VC,  2022-01-03,  15722,  6032,  0,  9690,  0,  0, 719294, 719294
VC,  2022-01-04,  17479,  7327,  0,  10152,  0,  0, 736773, 736773
VC,  2022-01-04,  17479,  7327,  0,  10152,  0,  0, 736773, 736773
VC,  2022-01-05,  19736,  7684,  0,  12052,  0,  0, 756509, 756509
VC,  2022-01-05,  19736,  7684,  0,  12052,  0,  0, 756509, 756509
VC,  2022-01-06,  7354,  1862,  0,  5492,  0,  0, 763863, 763863
VC,  2022-01-06,  7354,  1862,  0,  5492,  0,  0, 763863, 763863
VC,  2022-01-07,  17868,  5894,  0,  11974,  0,  0, 781731, 781731
VC,  2022-01-07,  17868,  5894,  0,  11974,  0,  0, 781731, 781731
VC,  2022-01-08,  11190,  3413,  0,  7777,  0,  0, 792921, 792921
VC,  2022-01-08,  11190,  3413,  0,  7777,  0,  0, 792921, 792921
VC,  2022-01-09,  9027,  1872,  0,  7155,  0,  0, 801948, 801948
VC,  2022-01-09,  9027,  1872,  0,  7155,  0,  0, 801948, 801948
VC,  2022-01-10,  20024,  5718,  0,  14306,  0,  0, 821972, 821972
VC,  2022-01-10,  20024,  5718,  0,  14306,  0,  0, 821972, 821972
VC,  2022-01-11,  17877,  5627,  0,  12250,  0,  0, 839849, 839849
VC,  2022-01-11,  17877,  5627,  0,  12250,  0,  0, 839849, 839849
VC,  2022-01-12,  17121,  5299,  0,  11821,  0,  1, 856970, 856970
VC,  2022-01-12,  17121,  5299,  0,  11821,  0,  1, 856970, 856970
VC,  2022-01-13,  18194,  5198,  0,  12992,  0,  4, 875164, 875164
VC,  2022-01-13,  18194,  5198,  0,  12992,  0,  4, 875164, 875164
VC,  2022-01-14,  17899,  4882,  0,  13005,  0,  12, 893063, 893063
VC,  2022-01-14,  17899,  4882,  0,  13005,  0,  12, 893063, 893063
VC,  2022-01-15,  10743,  2595,  0,  8132,  0,  16, 903806, 903806
VC,  2022-01-15,  10743,  2595,  0,  8132,  0,  16, 903806, 903806
VC,  2022-01-16,  7480,  1218,  0,  6252,  0,  10, 911286, 911286
VC,  2022-01-16,  7480,  1218,  0,  6252,  0,  10, 911286, 911286
VC,  2022-01-17,  19598,  4218,  0,  15128,  0,  252, 930884, 930884
VC,  2022-01-17,  19598,  4218,  0,  15128,  0,  252, 930884, 930884
VC,  2022-01-18,  16538,  3767,  0,  12413,  0,  358, 947422, 947422
VC,  2022-01-18,  16538,  3767,  0,  12413,  0,  358, 947422, 947422
VC,  2022-01-19,  14311,  3520,  0,  9671,  0,  1120, 961733, 961733
VC,  2022-01-19,  14311,  3520,  0,  9671,  0,  1120, 961733, 961733
VC,  2022-01-20,  12394,  2929,  0,  8294,  0,  1171, 974127, 974127
VC,  2022-01-20,  12394,  2929,  0,  8294,  0,  1171, 974127, 974127
VC,  2022-01-21,  13494,  3296,  0,  9176,  0,  1022, 987621, 987621
VC,  2022-01-21,  13494,  3296,  0,  9176,  0,  1022, 987621, 987621
VC,  2022-01-22,  4344,  1091,  0,  2866,  0,  387, 991965, 991965
VC,  2022-01-22,  4344,  1091,  0,  2866,  0,  387, 991965, 991965
VC,  2022-01-23,  759,  53,  0,  637,  0,  69, 992724, 992724
VC,  2022-01-23,  759,  53,  0,  637,  0,  69, 992724, 992724
VC,  2022-01-24,  0,  0,  0,  0,  0,  0, 992724, 992724
VC,  2022-01-24,  0,  0,  0,  0,  0,  0, 992724, 992724
